.11,INDEX,"^DD("IX","
.2,DESTINATION,^DIC(.2,
.31,KEY,"^DD("KEY","
.4,PRINT TEMPLATE,^DIPT(
.401,SORT TEMPLATE,^DIBT(
.402,INPUT TEMPLATE,^DIE(
.403,FORM,^DIST(.403,
.404,BLOCK,^DIST(.404,
.44,FOREIGN FORMAT,^DIST(.44,
.46,IMPORT TEMPLATE,^DIST(.46,
.5,FUNCTION,"^DD("FUNC","
.6,DD AUDIT,^DDA(
.7,MUMPS OPERATING SYSTEM,"^DD("OS","
.81,DATA TYPE,^DI(.81,
.83,COMPILED ROUTINE,^DI(.83,
.84,DIALOG,^DI(.84,
.85,LANGUAGE,^DI(.85,
1,FILE,^DIC(
1.1,AUDIT,^DIA(
1.11,ARCHIVAL ACTIVITY,^DIAR(1.11,
1.12,FILEGRAM HISTORY,^DIAR(1.12,
1.13,FILEGRAM ERROR LOG,^DIAR(1.13,
1.2,ALTERNATE EDITOR,^DIST(1.2,
1.521,SQLI_SCHEMA,"^DMSQ("S","
1.52101,SQLI_KEY_WORD,"^DMSQ("K","
1.5211,SQLI_DATA_TYPE,"^DMSQ("DT","
1.5212,SQLI_DOMAIN,"^DMSQ("DM","
1.5213,SQLI_KEY_FORMAT,"^DMSQ("KF","
1.5214,SQLI_OUTPUT_FORMAT,"^DMSQ("OF","
1.5215,SQLI_TABLE,"^DMSQ("T","
1.5216,SQLI_TABLE_ELEMENT,"^DMSQ("E","
1.5217,SQLI_COLUMN,"^DMSQ("C","
1.5218,SQLI_PRIMARY_KEY,"^DMSQ("P","
1.5219,SQLI_FOREIGN_KEY,"^DMSQ("F","
1.52191,SQLI_ERROR_TEXT,"^DMSQ("ET","
1.52192,SQLI_ERROR_LOG,"^DMSQ("EX","
2,PATIENT,^DPT(
3.05,FAILED ACCESS ATTEMPTS LOG,^%ZUA(3.05,
3.07,PROGRAMMER MODE LOG,^%ZUA(3.07,
3.075,ERROR LOG,^%ZTER(1,
3.076,ERROR MESSAGES,^%ZTER(2,
3.077,ERROR TRAP SUMMARY,^%ZTER(3.077,
3.081,SIGN-ON LOG,^XUSEC(0,
3.083,LOCKED IP or DEVICE,^XUSEC(3,
3.084,FAILED SIGNON ATTEMPTS,^XUSEC(4,
3.1,TITLE,^DIC(3.1,
3.2,TERMINAL TYPE,^%ZIS(2,
3.22,DA RETURN CODES,^%ZIS(3.22,
3.23,LINE/PORT ADDRESS,^%ZIS(3.23,
3.4,COMMUNICATIONS PROTOCOL,^DIC(3.4,
3.5,DEVICE,^%ZIS(1,
3.51,SPOOL DOCUMENT,^XMB(3.51,
3.519,SPOOL DATA,^XMBS(3.519,
3.54,RESOURCE,^%ZISL(3.54,
3.6,BULLETIN,^XMB(3.6,
3.7,MAILBOX,^XMB(3.7,
3.73,MESSAGES TO BE NEW AT A LATER DATE,^XMB(3.73,
3.8,MAIL GROUP,^XMB(3.8,
3.816,DISTRIBUTION LIST,^XMB(3.816,
3.9,MESSAGE,^XMB(3.9,
4,INSTITUTION,^DIC(4,
4.001,MASTER FILE PARAMETERS,^DIC(4.001,
4.005,MD5 Signature,^DIC(4.005,
4.009,STANDARD TERMINOLOGY VERSION FILE,^DIC(4.009,
4.05,INSTITUTION ASSOCIATION TYPES,^DIC(4.05,
4.1,FACILITY TYPE,^DIC(4.1,
4.11,AGENCY,^DIC(4.11,
4.2,DOMAIN,^DIC(4.2,
4.281,INTER-UCI TRANSFER,^%ZISL(4.281,
4.2995,MAILMAN OUTSTANDING FTP TRANSACTIONS,^XMBX(4.2995,
4.2996,INTERNET SUFFIX,^DIC(4.2996,
4.2997,REMOTE USER DIRECTORY,^XMD(4.2997,
4.2998,MESSAGE DELIVERY STATS,^XMBX(4.2998,
4.2999,MESSAGE STATISTICS,^XMBS(4.2999,
4.3,MAILMAN SITE PARAMETERS,^XMB(1,
4.4,MAILMAN TIME ZONE,^XMB(4.4,
4.5,NETWORK TRANSACTION,^XMB(4.5,
4.501,NETWORK SENDERS REJECTED,^XMBX(4.501,
4.6,TRANSMISSION SCRIPT,^XMB(4.6,
5,STATE,^DIC(5,
5.1,COUNTY,^VIC(5.1,
5.11,ZIP CODE,^VIC(5.11,
5.12,POSTAL CODE,^XIP(5.12,
5.13,COUNTY CODE,^XIP(5.13,
7,PROVIDER CLASS,^DIC(7,
7.1,SPECIALITY,^DIC(7.1,
8,ELIGIBILITY CODE,^DIC(8,
8.1,MAS ELIGIBILITY CODE,^DIC(8.1,
8.2,IDENTIFICATION FORMAT,^DIC(8.2,
9.2,HELP FRAME,^DIC(9.2,
9.4,PACKAGE,^DIC(9.4,
9.6,BUILD,^XPD(9.6,
9.7,INSTALL,^XPD(9.7,
9.8,ROUTINE,^DIC(9.8,
9.9,PATCH MONITOR,^XPD(9.9,
9.95,PATCH MONITOR PARAMETER,^XPD(9.95,
10,RACE,^DIC(10,
10.2,ETHNICITY,^DIC(10.2,
10.3,RACE AND ETHNICITY COLLECTION METHOD,^DIC(10.3,
11,MARITAL STATUS,^DIC(11,
13,RELIGION,^DIC(13,
14.4,TASKS,^%ZTSK(
14.5,VOLUME SET,^%ZIS(14.5,
14.6,UCI ASSOCIATION,^%ZIS(14.6,
14.7,TASKMAN SITE PARAMETERS,^%ZIS(14.7,
14.71,TASKMAN MONITOR,^%ZIS(14.71,
14.72,TASKMAN SNAPSHOT,^%ZIS(14.72,
14.8,TASK SYNC FLAG,^%ZISL(14.8,
15,DUPLICATE RECORD,^VA(15,
15.1,DUPLICATE RESOLUTION,^VA(15.1,
15.2,XDR MERGE PROCESS,^VA(15.2,
15.3,XDR REPOINTED ENTRY,^VA(15.3,
15.4,MERGE IMAGES,^XDRM(
18.01,FOUNDATIONS SITE PARAMETERS,^XOB(18.01,
18.02,WEB SERVICE,^XOB(18.02,
18.03,VISTALINK LISTENER CONFIGURATION,^XOB(18.03,
18.04,VISTALINK LISTENER STARTUP LOG,^XOB(18.04,
18.05,VISTALINK MESSAGE TYPE,^XOB(18.05,
18.12,WEB SERVER,^XOB(18.12,
18.13,WEB SERVER LOOKUP KEY,^XOB(18.13,
19,OPTION,^DIC(19,
19.081,AUDIT LOG FOR OPTIONS,^XUSEC(19,
19.1,SECURITY KEY,^DIC(19.1,
19.2,OPTION SCHEDULING,^DIC(19.2,
19.8,MENUMAN QUICK HELP,^DIC(19.8,
20,NAME COMPONENTS,^VA(20,
21,PERIOD OF SERVICE,^DIC(21,
22,POW PERIOD,^DIC(22,
23,BRANCH OF SERVICE,^DIC(23,
25,TYPE OF DISCHARGE,^DIC(25,
26.11,PRF LOCAL FLAG,^DGPF(26.11,
26.12,PRF LOCAL FLAG HISTORY,^DGPF(26.12,
26.13,PRF ASSIGNMENT,^DGPF(26.13,
26.14,PRF ASSIGNMENT HISTORY,^DGPF(26.14,
26.15,PRF NATIONAL FLAG,^DGPF(26.15,
26.16,PRF TYPE,^DGPF(26.16,
26.17,PRF HL7 TRANSMISSION LOG,^DGPF(26.17,
26.18,PRF PARAMETERS,^DGPF(26.18,
26.19,PRF HL7 QUERY LOG,^DGPF(26.19,
26.21,PRF HL7 EVENT,^DGPF(26.21,
27.11,PATIENT ENROLLMENT,^DGEN(27.11,
27.12,ENROLLMENT QUERY LOG,^DGEN(27.12,
27.14,ENROLLMENT/ELIGIBILITY UPLOAD AUDIT,^DGENA(27.14,
27.15,ENROLLMENT STATUS,^DGEN(27.15,
27.16,ENROLLMENT GROUP THRESHOLD,^DGEN(27.16,
27.17,CATASTROPHIC DISABILITY REASONS,^DGEN(27.17,
28.11,NOSE AND THROAT RADIUM HISTORY,^DGNT(28.11,
29.11,MST HISTORY,^DGMS(29.11,
30,DISPOSITION LATE REASON,^DIC(30,
31,DISABILITY CONDITION,^DIC(31,
34,CONTRACT/SHARING AGREEMENTS,^DIC(34,
35,OTHER FEDERAL AGENCY,^DIC(35,
35.1,SHARING AGREEMENT CATEGORY,^DG(35.1,
35.2,SHARING AGREEMENT SUB-CATEGORY,^DG(35.2,
36,INSURANCE COMPANY,^DIC(36,
37,DISPOSITION,^DIC(37,
38.1,DG SECURITY LOG,^DGSL(38.1,
38.5,INCONSISTENT DATA,^DGIN(38.5,
38.6,INCONSISTENT DATA ELEMENTS,^DGIN(38.6,
39.1,EMBOSSED CARD TYPE,^DIC(39.1,
39.2,EMBOSSING DATA,^DIC(39.2,
39.3,EMBOSSER EQUIPMENT FILE,^DIC(39.3,
39.4,ADT/HL7 TRANSMISSION,^VAT(39.4,
39.6,VIC REQUEST,^DGQE(39.6,
39.7,VIC HL7 TRANSMISSION LOG,^DGQE(39.7,
40.1,OPC,^SDASF(
40.15,OPC ERRORS,^SDASE(
40.5,HOLIDAY,^HOLIDAY(
40.7,CLINIC STOP,^DIC(40.7,
40.8,MEDICAL CENTER DIVISION,^DG(40.8,
40.9,LOCATION TYPE,^DIC(40.9,
41.1,SCHEDULED ADMISSION,^DGS(41.1,
41.41,PRE-REGISTRATION AUDIT,^DGS(41.41,
41.42,PRE-REGISTRATION CALL LIST,^DGS(41.42,
41.43,PRE-REGISTRATION CALL LOG,^DGS(41.43,
41.9,CENSUS,^DG(41.9,
42,WARD LOCATION,^DIC(42,
42.4,SPECIALTY,^DIC(42.4,
42.5,WAIT LIST,^DGWAIT(
42.55,PRIORITY GROUPING,^DIC(42.55,
42.6,AMIS 334-341,^DGAM(334,
42.7,AMIS 345&346,^DGAM(345,
43,MAS PARAMETERS,^DG(43,
43.1,MAS EVENT RATES,^DG(43.1,
43.11,MAS AWARD,^DG(43.11,
43.4,VA ADMITTING REGULATION,^DIC(43.4,
43.5,G&L CORRECTIONS,^DGS(43.5,
43.61,G&L TYPE OF CHANGE,^DG(43.61,
43.7,ADT TEMPLATE,^DG(43.7,
44,HOSPITAL LOCATION,^SC(
44.3,SDAM DATA MAP,^SDAM(44.3,
45,PTF,^DGPT(
45.1,SOURCE OF ADMISSION,^DIC(45.1,
45.2,PTF TRANSFERRING FACILITY,^DGTF(
45.3,SURGICAL SPECIALTY,^DIC(45.3,
45.4,PTF DIALYSIS TYPE,^DG(45.4,
45.5,PTF MESSAGE,^DGM(
45.6,PLACE OF DISPOSITION,^DIC(45.6,
45.61,PTF ABUSED SUBSTANCE,^DIC(45.61,
45.62,PTF ARCHIVE/PURGE HISTORY FILE,^DGP(45.62,
45.64,PTF AUSTIN ERROR CODES,^DGP(45.64,
45.68,FACILITY SUFFIX,^DIC(45.68,
45.7,FACILITY TREATING SPECIALTY,^DIC(45.7,
45.81,STATION TYPE,^DIC(45.81,
45.82,CATEGORY OF BENEFICIARY,^DIC(45.82,
45.83,PTF RELEASE,^DGP(45.83,
45.84,PTF CLOSE OUT,^DGP(45.84,
45.85,CENSUS WORKFILE,^DG(45.85,
45.86,PTF CENSUS DATE,^DG(45.86,
45.87,PTF TRANSACTION REQUEST LOG,^DGP(45.87,
45.88,PTF EXPANDED CODE CATEGORY,^DIC(45.88,
45.89,PTF EXPANDED CODE,^DIC(45.89,
45.9,PAF,^DG(45.9,
45.91,RUG-II,^DG(45.91,
46,INPATIENT CPT CODE,^DGCPT(46,
46.1,INPATIENT POV,^DGICD9(46.1,
46.11,RAI MDS MONITOR,^DGRU(46.11,
46.12,RAI MDS WARD TRANSLATION,^DGRU(46.12,
46.13,RAI MDS ROOM-BED TRANSLATION,^DGRU(46.13,
46.14,RAI MDS ASIH PATIENT,^DGRU(46.14,
47,MAS FORMS AND SCREENS,^DIC(47,
48,MAS RELEASE NOTES,^DG(48,
48.5,MAS MODULE,^DG(48.5,
49,SERVICE/SECTION,^DIC(49,
50,DRUG,^PSDRUG(
50.073,DUE QUESTIONNAIRE,^PS(50.073,
50.0731,DUE ANSWER SHEET,^PS(50.0731,
50.0732,DUE QUESTION,^PS(50.0732,
50.0733,DUE SECTION,^PS(50.0733,
50.2,IV CATEGORY,^PS(50.2,
50.3,PRIMARY DRUG,^PS(50.3,
50.35,DRUG APPLICATION,^PS(50.35,
50.4,DRUG ELECTROLYTES,^PS(50.4,
50.416,DRUG INGREDIENTS,^PS(50.416,
50.6,VA GENERIC,^PSNDF(50.6,
50.605,VA DRUG CLASS,^PS(50.605,
50.606,DOSAGE FORM,^PS(50.606,
50.607,DRUG UNITS,^PS(50.607,
50.608,PACKAGE TYPE,^PS(50.608,
50.609,PACKAGE SIZE,^PS(50.609,
50.612,NATIONAL DRUG TRANSLATION,^PSNTRAN(
50.621,PMI-ENGLISH,^PS(50.621,
50.622,PMI-SPANISH,^PS(50.622,
50.623,PMI MAP-ENGLISH,^PS(50.623,
50.624,PMI MAP-SPANISH,^PS(50.624,
50.625,WARNING LABEL-ENGLISH,^PS(50.625,
50.626,WARNING LABEL-SPANISH,^PS(50.626,
50.627,WARNING LABEL MAP,^PS(50.627,
50.64,VA DISPENSE UNIT,^PSNDF(50.64,
50.67,NDC/UPN,^PSNDF(50.67,
50.68,VA PRODUCT,^PSNDF(50.68,
50.7,PHARMACY ORDERABLE ITEM,^PS(50.7,
50.8,IV STATS,^PS(50.8,
50.9,DRUG COST,^PSCST(
51,MEDICATION INSTRUCTION,^PS(51,
51.1,ADMINISTRATION SCHEDULE,^PS(51.1,
51.15,ADMINISTRATION SHIFT,^PS(51.15,
51.2,MEDICATION ROUTES,^PS(51.2,
51.23,STANDARD MEDICATION ROUTES,^PS(51.23,
51.24,DOSE UNITS,^PS(51.24,
51.5,ORDER UNIT,^DIC(51.5,
51.7,DRUG TEXT,^PS(51.7,
52,PRESCRIPTION,^PSRX(
52.11,PATIENT NOTIFICATION (Rx READY),^PS(52.11,
52.4,RX VERIFY,^PS(52.4,
52.41,PENDING OUTPATIENT ORDERS,^PS(52.41,
52.43,PRESCRIPTION REFILL REQUEST,^PS(52.43,
52.5,RX SUSPENSE,^PS(52.5,
52.51,PHARMACY EXTERNAL INTERFACE,^PS(52.51,
52.52,CLOZAPINE PRESCRIPTION OVERRIDES,^PS(52.52,
52.6,IV ADDITIVES,^PS(52.6,
52.7,IV SOLUTIONS,^PS(52.7,
52.8,PHARMACY ARCHIVE,^PSOARC(
52.85,EPHARMACY MEDICATION PROFILE PREFERENCES,^PS(52.85,
52.86,EPHARMACY SITE PARAMETERS,^PS(52.86,
52.87,PSO TRICARE AUDIT LOG,^PS(52.87,
52.9,PHARMACY PRINTED QUEUE,^PS(52.9,
52.91,TPB ELIGIBILITY,^PS(52.91,
52.92,TPB INSTITUTION LETTERS,^PS(52.92,
53,RX PATIENT STATUS,^PS(53,
53.1,NON-VERIFIED ORDERS,^PS(53.1,
53.2,UNIT DOSE ORDER SET,^PS(53.2,
53.3,ACTIVITY LOG REASON,^PS(53.3,
53.4,PRE-EXCHANGE NEEDS,^PS(53.4,
53.41,MAR LABELS,^PS(53.41,
53.42,INPATIENT BACKGROUND JOB,^PS(53.42,
53.43,MISCELLANEOUS REPORT FILE,^PS(53.43,
53.44,PHYSICIANS' ORDERS,^PS(53.44,
53.45,INPATIENT USER PARAMETERS,^PS(53.45,
53.46,CLINIC DEFINITION,^PS(53.46,
53.5,PICK LIST,^PS(53.5,
53.55,UNIT DOSE/ATC MEDS,^PS(53.55,
53.66,BCMA IV PARAMETERS,^PSB(53.66,
53.68,BCMA MISSING DOSE REQUEST,^PSB(53.68,
53.69,BCMA REPORT REQUEST,^PSB(53.69,
53.7,BCMA BACKUP DATA,^ALPB(53.7,
53.71,BCMA BACKUP PARAMETERS,^ALPB(53.71,
53.77,BCMA UNABLE TO SCAN LOG,^PSB(53.77,
53.78,BCMA MEDICATION VARIANCE LOG,^PSB(53.78,
53.79,BCMA MEDICATION LOG,^PSB(53.79,
54,RX CONSULT,^PS(54,
55,PHARMACY PATIENT,^PS(55,
55.95,DRUG MANUFACTURER,^PS(55.95,
56,DRUG INTERACTION,^PS(56,
57.1,PHARMACY QUICK ORDER,^PS(57.1,
57.5,WARD GROUP,^PS(57.5,
57.6,UNIT DOSE PICK LIST STATS,^PS(57.6,
57.7,MEDICATION ADMINISTERING TEAM,^PS(57.7,
57.8,CLINIC GROUP,^PS(57.8,
58.1,PHARMACY AOU STOCK,^PSI(58.1,
58.16,AOU INVENTORY TYPE,^PSI(58.16,
58.17,AOU ITEM LOCATION,^PSI(58.17,
58.19,PHARMACY AOU INVENTORY,^PSI(58.19,
58.2,AOU INVENTORY GROUP,^PSI(58.2,
58.3,PHARMACY BACKORDER,^PSI(58.3,
58.35,RETURN DRUG,^PSD(58.35,
58.36,RETURN DRUG CONTRACTOR,^PSD(58.36,
58.5,AR/WS STATS FILE,^PSI(58.5,
58.8,DRUG ACCOUNTABILITY STATS,^PSD(58.8,
58.81,DRUG ACCOUNTABILITY TRANSACTION,^PSD(58.81,
58.811,DRUG ACCOUNTABILITY ORDER,^PSD(58.811,
58.812,DA UPLOAD,^PSD(58.812,
58.82,CS ORDER STATUS,^PSD(58.82,
58.83,CS COMPLETION STATUS,^PSD(58.83,
58.84,DRUG ACCOUNTABILITY TRANSACTION TYPE,^PSD(58.84,
58.85,CS WORKSHEET,^PSD(58.85,
58.86,CS DESTRUCTION,^PSD(58.86,
58.87,CS CORRECTION LOG,^PSD(58.87,
58.88,CS IRL PROGRAM,^PSD(58.88,
58.89,CS ERROR LOG,^PSD(58.89,
59,OUTPATIENT SITE,^PS(59,
59.1,OUTPATIENT AMIS DATA,^PS(59.1,
59.12,OUTPATIENT PHARMACY MANAGEMENT DATA,^PS(59.12,
59.2,WAITING TIME,^PS(59.2,
59.3,GROUP DISPLAY,^PS(59.3,
59.4,INPATIENT SITE,^PS(59.4,
59.5,IV ROOM,^PS(59.5,
59.6,INPATIENT WARD PARAMETERS,^PS(59.6,
59.7,PHARMACY SYSTEM,^PS(59.7,
59.73,VENDOR DISABLE/ENABLE,^PS(59.73,
59.74,VENDOR INTERFACE DATA,^PS(59.74,
59.8,OUTPATIENT CLINIC SORT GROUP,^PS(59.8,
59.9,PBM PATIENT DEMOGRAPHICS,^PSUDEM(
60,LABORATORY TEST,^LAB(60,
61,TOPOGRAPHY FIELD,^LAB(61,
61.1,MORPHOLOGY FIELD,^LAB(61.1,
61.2,ETIOLOGY FIELD,^LAB(61.2,
61.3,FUNCTION FIELD,^LAB(61.3,
61.38,MICRO INSTRUMENT SET-UP,^LAB(61.38,
61.39,LABORATORY INSTRUMENT CODE,^LAB(61.39,
61.4,DISEASE FIELD,^LAB(61.4,
61.5,PROCEDURE FIELD,^LAB(61.5,
61.6,OCCUPATION FIELD,^LAB(61.6,
62,COLLECTION SAMPLE,^LAB(62,
62.05,URGENCY,^LAB(62.05,
62.06,ANTIMICROBIAL SUSCEPTIBILITY,^LAB(62.06,
62.07,EXECUTE CODE,^LAB(62.07,
62.1,DELTA CHECKS,^LAB(62.1,
62.2,LAB SECTION,^LAB(62.2,
62.3,LAB CONTROL NAME,^LAB(62.3,
62.4,AUTO INSTRUMENT,^LAB(62.4,
62.48,LA7 MESSAGE PARAMETER,^LAHM(62.48,
62.485,LA7 MESSAGE LOG BULLETINS,^LAHM(62.485,
62.487,FOREIGN INTERFACE,^LAB(62.487,
62.49,LA7 MESSAGE QUEUE,^LAHM(62.49,
62.5,LAB DESCRIPTIONS,^LAB(62.5,
62.55,AGGLUTINATION STRENGTH,^LAB(62.55,
62.6,ACCESSION TEST GROUP,^LAB(62.6,
62.8,LAB SHIPPING MANIFEST,^LAHM(62.8,
62.85,LAB SHIPPING EVENT,^LAHM(62.85,
62.9,LAB SHIPPING CONFIGURATION,^LAHM(62.9,
62.91,LAB SHIPPING CONTAINER,^LAHM(62.91,
62.92,LAB SHIPPING METHOD,^LAHM(62.92,
62.93,LAB SHIPPING CONDITIONS,^LAHM(62.93,
63,LAB DATA,^LR(
63.9999,ARCHIVED LR DATA,"^LAR("Z","
64,WKLD CODE,^LAM(
64.03,WKLD LOG FILE,^LRO(64.03,
64.036,LAB DSS LAR EXTRACT,^LAR(64.036,
64.05,NON WKLD PROCEDURES,^LAB(64.05,
64.061,LAB ELECTRONIC CODES,^LAB(64.061,
64.062,LAB ELECTRONIC SUBTYPES,^LAB(64.062,
64.1,WKLD DATA,^LRO(64.1,
64.19999,ARCHIVED WKLD DATA,^LAR(64.19999,
64.2,WKLD SUFFIX CODES,^LAB(64.2,
64.21,WKLD CODE LAB SECT,^LAB(64.21,
64.22,WKLD ITEM FOR COUNT,^LAB(64.22,
64.3,WKLD INSTRUMENT MANUFACTURER,^LAB(64.3,
64.5,LAB REPORTS,^LAB(64.5,
64.6,INTERIM REPORTS,^LAB(64.6,
64.7,CUMULATIVE,"^LAC("LRAC","
64.81,LAB NLT/CPT CODES,^LAB(64.81,
65,BLOOD INVENTORY,^LRD(65,
65.4,BLOOD BANK UTILITY,^LAB(65.4,
65.5,BLOOD DONOR,^LRE(
65.9,LAB LETTER,^LAB(65.9,
66,BLOOD PRODUCT,^LAB(66,
66.2,BLOOD BANK VALIDATION,^LAB(66.2,
66.5,OPERATION (MSBOS),^LAB(66.5,
66.9,BLOOD COMPONENT REQUEST,^LAB(66.9,
67,REFERRAL PATIENT,^LRT(67,
67.1,RESEARCH,^LRT(67.1,
67.2,STERILIZER,^LRT(67.2,
67.3,ENVIRONMENTAL,^LRT(67.3,
67.4,NON PATIENT WORKLOAD,^LRT(67.4,
67.9,LAB MONTHLY WORKLOADS,^LRO(67.9,
67.99999,ARCHIVED LAB MONTHLY WORKLOADS,^LAR(67.99999,
68,ACCESSION,^LRO(68,
68.2,LOAD/WORK LIST,^LRO(68.2,
68.4,WORKLIST HEADINGS,^DIC(68.4,
69,LAB ORDER ENTRY,^LRO(69,
69.1,COLLECTION LIST,^LRO(69.1,
69.2,LAB SECTION PRINT,^LRO(69.2,
69.4,LAB SEARCH/EXTRACT PROTOCOL,^LAB(69.4,
69.5,LAB SEARCH/EXTRACT,^LAB(69.5,
69.51,LREPI REMINDER LINK,^LAB(69.51,
69.6,LAB PENDING ORDERS ENTRY,^LRO(69.6,
69.9,LABORATORY SITE,^LAB(69.9,
69.91,LR ROUTINE INTEGRITY CHECKER,^LAB(69.91,
70,RAD/NUC MED PATIENT,^RADPT(
70.2,NUC MED EXAM DATA,^RADPTN(
71,RAD/NUC MED PROCEDURES,^RAMIS(71,
71.1,MAJOR RAD/NUC MED AMIS CODES,^RAMIS(71.1,
71.2,PROCEDURE MODIFIERS,^RAMIS(71.2,
71.3,RAD/NUC MED COMMON PROCEDURE,^RAMIS(71.3,
71.4,RAD/NUC MED PROCEDURE MESSAGE,^RAMIS(71.4,
71.5,IMAGING STOP CODES,^RAMIS(71.5,
71.6,ROUTE OF ADMINISTRATION,^RAMIS(71.6,
71.7,SITE OF ADMINISTRATION,^RAMIS(71.7,
71.8,RADIOPHARMACEUTICAL SOURCE,^RAMIS(71.8,
71.9,RADIOPHARMACEUTICAL LOT,^RAMIS(71.9,
72,EXAMINATION STATUS,^RA(72,
73.1,RAD MODALITY DEFINED TERMS,^RAMIS(73.1,
73.2,RADIOLOGY CPT BY PROCEDURE TYPE,^RA(73.2,
74,RAD/NUC MED REPORTS,^RARPT(
74.1,STANDARD REPORTS,^RA(74.1,
74.2,REPORT BATCHES,^RABTCH(74.2,
74.3,REPORT DISTRIBUTION QUEUE,^RABTCH(74.3,
74.4,REPORT DISTRIBUTION,^RABTCH(74.4,
75.1,RAD/NUC MED ORDERS,^RAO(75.1,
75.2,RAD/NUC MED REASON,^RA(75.2,
78.1,COMPLICATION TYPES,^RA(78.1,
78.2,LBL/HDR/FTR FORMATS,^RA(78.2,
78.3,DIAGNOSTIC CODES,^RA(78.3,
78.4,FILM SIZES,^RA(78.4,
78.6,CAMERA/EQUIP/RM,^RA(78.6,
78.7,LABEL PRINT FIELDS,^RA(78.7,
79,RAD/NUC MED DIVISION,^RA(79,
79.1,IMAGING LOCATIONS,^RA(79.1,
79.2,IMAGING TYPE,^RA(79.2,
79.3,HL7 MESSAGE EXCEPTIONS,^RA(79.3,
79.7,RAD/NUC MED HL7 APPLICATION EXCEPTION,^RA(79.7,
80,ICD DIAGNOSIS,^ICD9(
80.1,ICD OPERATION/PROCEDURE,^ICD0(
80.2,DRG,^ICD(
80.3,MAJOR DIAGNOSTIC CATEGORY,^ICM(
80.7,TEMPORARY DIAGNOSES,^ICDYZ(80.7,
80.8,TEMPORARY PROCEDURES,^ICDYZ(80.8,
80.9,TEMPORARY DRG FILE,^ICDYZ(80.9,
81,CPT,^ICPT(
81.1,CPT CATEGORY,^DIC(81.1,
81.2,CPT COPYRIGHT,^DIC(81.2,
81.3,CPT MODIFIER,^DIC(81.3,
90,MEDICAL RECORD,^MR(
95,LAB JOURNAL,^LAB(95,
95.11,LAB ARCHIVAL ACTIVITY,^LAB(95.11,
95.3,LAB LOINC,^LAB(95.3,
95.31,LAB LOINC COMPONENT,^LAB(95.31,
99,PT. TEXT,^PTX(
100,ORDER,^OR(100,
100.01,ORDER STATUS,^ORD(100.01,
100.02,NATURE OF ORDER,^ORD(100.02,
100.03,ORDER REASON,^ORD(100.03,
100.05,ORDER CHECK INSTANCES,^ORD(100.05,
100.1,ORDER STATISTICS,^OR(100.1,
100.2,OE/RR PATIENT EVENT,^ORE(100.2,
100.21,OE/RR LIST,^OR(100.21,
100.22,OE/RR PRINT FIELDS,^ORD(100.22,
100.23,OE/RR PRINT FORMATS,^ORD(100.23,
100.24,OE/RR PT SEL COMBO,^OR(100.24,
100.4,OE/RR ERRORS,"^ORYX("ORERR","
100.5,OE/RR RELEASE EVENTS,^ORD(100.5,
100.6,OE/RR AUTO-DC RULES,^ORD(100.6,
100.8,ORDER CHECKS,^ORD(100.8,
100.9,OE/RR NOTIFICATIONS,^ORD(100.9,
100.98,DISPLAY GROUP,^ORD(100.98,
100.99,ORDER PARAMETERS,^ORD(100.99,
101,PROTOCOL,^ORD(101,
101.11,XQOR WORD PROCESSING,"^XUTL("XQORW","
101.13,OR CPRS TABS,^ORD(101.13,
101.15,OE/RR COM OBJECTS,^ORD(101.15,
101.24,OE/RR REPORT,^ORD(101.24,
101.3,ORDER EXECUTE CODES,^ORD(101.3,
101.41,ORDER DIALOG,^ORD(101.41,
101.42,ORDER URGENCY,^ORD(101.42,
101.43,ORDERABLE ITEMS,^ORD(101.43,
101.44,ORDER QUICK VIEW,^ORD(101.44,
102.21,CPRS QUERY DEFINITION,^ORD(102.21,
102.22,CPRS QUERY CONSTRAINT,^ORD(102.22,
102.23,CPRS QUERY EDIT CONTROL,^ORD(102.23,
102.24,CPRS QUERY DISPLAY FIELDS,^ORD(102.24,
102.3,PATIENT TASK,^ORRT(102.3,
102.4,ORDER ACKNOWLEDGEMENT,^ORA(102.4,
103,ORAM FLOWSHEET,^ORAM(103,
104,MRSA SITE PARAMETERS,^MMRS(104,
104.1,MRSA TOOLS LAB SEARCH/EXTRACT,^MMRS(104.1,
104.2,MDRO TYPES,^MMRS(104.2,
104.3,MRSA WARD MAPPINGS,^MMRS(104.3,
111,DIETS,^FH(111,
111.1,DIET PATTERNS,^FH(111.1,
112,FOOD NUTRIENTS,^FHNU(
112.2,DRI VALUES,^FH(112.2,
112.6,USER MENU,^FHUM(
113,INGREDIENT,^FHING(
113.1,STORAGE LOCATION,^FH(113.1,
113.2,FH VENDOR,^FH(113.2,
114,RECIPE,^FH(114,
114.1,RECIPE CATEGORY,^FH(114.1,
114.2,PREPARATION AREA,^FH(114.2,
114.3,SERVING UTENSIL,^FH(114.3,
114.4,EQUIPMENT,^FH(114.4,
115,NUTRITION PERSON,^FHPT(
115.2,FOOD PREFERENCES,^FH(115.2,
115.3,NUTRITION CLASSIFICATION,^FH(115.3,
115.4,NUTRITION STATUS,^FH(115.4,
115.5,DIETETIC NUTRITION PLAN,^FH(115.5,
115.6,ENCOUNTER TYPES,^FH(115.6,
115.7,DIETETIC ENCOUNTERS,^FHEN(
116,MENU CYCLE,^FH(116,
116.1,MEAL,^FH(116.1,
116.2,PRODUCTION DIET,^FH(116.2,
116.3,HOLIDAY MEALS,^FH(116.3,
117,MEALS SERVED,^FH(117,
117.1,STAFFING DATA,^FH(117.1,
117.2,DIETETIC COST OF MEALS,^FH(117.2,
117.3,ANNUAL REPORT,^FH(117.3,
117.4,DIETETIC REPORT CATEGORIES,^FH(117.4,
118,SUPPLEMENTAL FEEDINGS,^FH(118,
118.1,SUPPLEMENTAL FEEDING MENU,^FH(118.1,
118.2,TUBEFEEDING,^FH(118.2,
118.3,STANDING ORDERS,^FH(118.3,
119,DIETITIAN TICKLER FILE,^FH(119,
119.1,UNITS,^FH(119.1,
119.4,ISOLATION/PRECAUTION TYPE,^FH(119.4,
119.5,DIETETIC CONSULTS,^FH(119.5,
119.6,NUTRITION LOCATION,^FH(119.6,
119.71,PRODUCTION FACILITY,^FH(119.71,
119.72,SERVICE POINT,^FH(119.72,
119.73,COMMUNICATION OFFICE,^FH(119.73,
119.74,SUPPLEMENTAL FEEDING SITE,^FH(119.74,
119.8,NUTRITION EVENTS,^FH(119.8,
119.9,FH SITE PARAMETERS,^FH(119.9,
120.5,GMRV VITAL MEASUREMENT,^GMR(120.5,
120.51,GMRV VITAL TYPE,^GMRD(120.51,
120.52,GMRV VITAL QUALIFIER,^GMRD(120.52,
120.53,GMRV VITAL CATEGORY,^GMRD(120.53,
120.55,GMRV ORDERS,^GMR(120.55,
120.57,GMRV VITALS PARAMETERS,^GMRD(120.57,
120.8,PATIENT ALLERGIES,^GMR(120.8,
120.82,GMR ALLERGIES,^GMRD(120.82,
120.83,SIGN/SYMPTOMS,^GMRD(120.83,
120.84,GMR ALLERGY SITE PARAMETERS,^GMRD(120.84,
120.85,ADVERSE REACTION REPORTING,^GMR(120.85,
120.86,ADVERSE REACTION ASSESSMENT,^GMR(120.86,
120.87,GMRA DOCUMENT,^GMRD(120.87,
123,REQUEST/CONSULTATION,^GMR(123,
123.1,REQUEST ACTION TYPES,^GMR(123.1,
123.3,GMRC PROCEDURE,^GMR(123.3,
123.5,REQUEST SERVICES,^GMR(123.5,
123.6,IFC MESSAGE LOG,^GMR(123.6,
123.9,CONSULTS PARAMETERS FILE,^GMR(123.9,
124.1,GMRG PARAMETERS,^GMRD(124.1,
124.2,AGGREGATE TERM,^GMRD(124.2,
124.25,TERM CLASSIFICATION,^GMRD(124.25,
124.3,GMR TEXT,^GMR(124.3,
125,PROBLEM SELECTION LIST,^GMPL(125,
125.1,PROBLEM SELECTION LIST CONTENTS,^GMPL(125.1,
125.11,PROBLEM SELECTION CATEGORY,^GMPL(125.11,
125.12,PROBLEM SELECTION CATEGORY CONTENTS,^GMPL(125.12,
125.8,PROBLEM LIST AUDIT,^GMPL(125.8,
125.99,PROBLEM LIST SITE PARAMETERS,^GMPL(125.99,
126,GMRY PATIENT I/O FILE,^GMR(126,
126.56,GMRY INPUT TYPE,^GMRD(126.56,
126.58,GMRY OUTPUT TYPE,^GMRD(126.58,
126.6,GMRY OUTPUT SUBTYPE,^GMRD(126.6,
126.7,GMRY IV SITE,^GMRD(126.7,
126.72,GMRY IV SITE DESCRIPTION,^GMRD(126.72,
126.74,GMRY IV CATHETER,^GMRD(126.74,
126.76,GMRY IV DC'ED REASON,^GMRD(126.76,
126.8,GMRY INTAKE ITEMS,^GMRD(126.8,
126.9,GMRY NUR IV SOLUTION,^GMRD(126.9,
126.95,GMRY NUR SHIFT/OTHER,^GMRD(126.95,
130,SURGERY,^SRF(
131,PERSON FIELD RESTRICTION,^SRP(
131.01,SURGERY TRANSPORTATION DEVICES,^SRO(131.01,
131.25,OPERATION TIMES,^SRO(131.25,
131.6,SURGERY DISPOSITION,^SRO(131.6,
131.7,OPERATING ROOM,^SRS(
131.8,SURGERY UTILIZATION,^SRU(
131.9,PROSTHESIS,^SRO(131.9,
132,SURGERY POSITION,^SRO(132,
132.05,RESTRAINTS AND POSITIONAL AIDS,^SRO(132.05,
132.4,SURGICAL DELAY,^SRO(132.4,
132.8,ASA CLASS,^SRO(132.8,
132.9,ATTENDING CODES,^SRO(132.9,
132.95,ANESTHESIA SUPERVISOR CODES,^SRO(132.95,
133,SURGERY SITE PARAMETERS,^SRO(133,
133.2,SURGERY INTERFACE PARAMETER,^SRO(133.2,
133.4,MONITORS,^SRO(133.4,
133.6,IRRIGATION,^SRO(133.6,
133.7,SURGERY REPLACEMENT FLUIDS,^SRO(133.7,
133.8,SURGERY WAITING LIST,^SRO(133.8,
134,OPERATING ROOM TYPE,^SRO(134,
135,SURGERY CANCELLATION REASON,^SRO(135,
135.1,SKIN PREP AGENTS,^SRO(135.1,
135.2,SKIN INTEGRITY,^SRO(135.2,
135.3,PATIENT MOOD,^SRO(135.3,
135.4,PATIENT CONSCIOUSNESS,^SRO(135.4,
136,SURGERY PROCEDURE/DIAGNOSIS CODES,^SRO(136,
136.5,PERIOPERATIVE OCCURRENCE CATEGORY,^SRO(136.5,
137,CPT EXCLUSIONS,^SRO(137,
137.45,LOCAL SURGICAL SPECIALTY,^SRO(137.45,
138,ELECTROGROUND POSITIONS,^SRO(138,
139.2,RISK MODEL LAB TEST,^SRO(139.2,
139.5,SURGERY TRANSPLANT ASSESSMENTS,^SRT(
142,HEALTH SUMMARY TYPE,^GMT(142,
142.1,HEALTH SUMMARY COMPONENT,^GMT(142.1,
142.5,HEALTH SUMMARY OBJECTS,^GMT(142.5,
142.98,HEALTH SUMMARY USER PREFERENCES,^GMT(142.98,
142.99,HEALTH SUMMARY PARAMETERS,^GMT(142.99,
150.1,ANCILLARY DSS ID,^VSIT(150.1,
150.2,VSIT SITE CODES,^VSIT(150.2,
150.9,VISIT TRACKING PARAMETERS,^DIC(150.9,
154,SCD (SPINAL CORD) REGISTRY,^SPNL(154,
154.01,SCD NLOI CATEGORY,^SPNL(154.01,
154.03,ETIOLOGY,^SPNL(154.03,
154.1,OUTCOMES,^SPNL(154.1,
154.11,FUNCTIONAL STATUS LEVEL,^SPNL(154.11,
154.12,SCD DISPOSITION CODES,^SPNL(154.12,
154.2,SCD KURTZKE-EDSS,^SPNL(154.2,
154.3,OUTCOME SCORE TYPES,^SPNL(154.3,
154.7,PHYSICAL FACILITY,^SPNL(154.7,
154.8,AD HOC MACRO,^SPNL(154.8,
154.91,SCD SITE PARAMETERS,^SPNL(154.91,
154.92,SCD FILTER,^SPNL(154.92,
154.991,SPN ADMISSIONS,^SPNL(154.991,
160,ONCOLOGY PATIENT,^ONCO(160,
160.1,ONCOLOGY SITE PARAMETERS,^ONCO(160.1,
160.12,TYPE OF RECURRENCE,^ONCO(160.12,
160.14,NON CANCER-DIRECTED SURGERY,^ONCO(160.14,
160.15,ACOS STATE AT DIAGNOSIS,^ONCO(160.15,
160.16,ONCOLOGY DATA EXTRACT FORMAT,^ONCO(160.16,
160.17,ONCOLOGY PCE EXTRACT FORMAT,^ONCO(160.17,
160.19,FACILITY,^ONCO(160.19,
160.2,FORMS/INSTRUCTIONS,^ONCO(160.2,
160.3,PRIMARY PAYER AT DIAGNOSIS,^ONCO(160.3,
160.4,RECONSTRUCTIVE SURGERY,^ONCO(160.4,
160.6,SURGICAL APPROACH,^ONCO(160.6,
161,FEE BASIS PATIENT,^FBAAA(
161.2,FEE BASIS VENDOR,^FBAAV(
161.21,FEE BASIS CNH CONTRACT,^FBAA(161.21,
161.22,FEE BASIS CNH RATE,^FBAA(161.22,
161.23,FEE BASIS CNH AUTHORIZATION RATE,^FBAA(161.23,
161.25,FEE BASIS VENDOR CORRECTION,^FBAA(161.25,
161.26,FEE BASIS PATIENT MRA,^FBAA(161.26,
161.27,FEE BASIS SUSPENSION,^FBAA(161.27,
161.3,FEE BASIS LETTER,^FBAA(161.3,
161.4,FEE BASIS SITE PARAMETERS,^FBAA(161.4,
161.45,FEE BASIS PAYMENT MOVES,^FBAA(161.45,
161.5,FEE CH REPORT OF CONTACT,^FBAA(161.5,
161.6,FEE BASIS SPECIALTY CODE,^FBAA(161.6,
161.7,FEE BASIS BATCH,^FBAA(161.7,
161.8,FEE BASIS PROGRAM,^FBAA(161.8,
161.81,FEE BASIS PARTICIPATION CODE,^FBAA(161.81,
161.82,FEE BASIS PURPOSE OF VISIT,^FBAA(161.82,
161.83,FEE BASIS ID CARD AUDIT,^FBAA(161.83,
161.91,ADJUSTMENT REASON,^FB(161.91,
161.92,ADJUSTMENT GROUP,^FB(161.92,
161.93,REMITTANCE REMARK,^FB(161.93,
162,FEE BASIS PAYMENT,^FBAAC(
162.1,FEE BASIS PHARMACY INVOICE,^FBAA(162.1,
162.2,FEE NOTIFICATION/REQUEST,^FBAA(162.2,
162.3,FEE CNH ACTIVITY,^FBAACNH(
162.4,VA FORM 10-7078,^FB7078(
162.5,FEE BASIS INVOICE,^FBAAI(
162.6,FEE BASIS DISPOSITION CODE,^FBAA(162.6,
162.7,FEE BASIS UNAUTHORIZED CLAIMS,^FB583(
162.8,FEE BASIS UNAUTHORIZED CLAIMS PENDING INFO,^FBAA(162.8,
162.91,FEE BASIS UNAUTHORIZED CLAIMS DISPOSITIONS,^FB(162.91,
162.92,FEE BASIS UNAUTHORIZED CLAIMS STATUS,^FB(162.92,
162.93,FEE BASIS UNAUTHORIZED REQUESTED INFORMATION,^FB(162.93,
162.94,FEE BASIS UNAUTHORIZED DISAPPROVAL REASONS,^FB(162.94,
162.95,FEE BASIS CHECK CANCELLATION REASON,^FB(162.95,
162.96,FEE BASIS GEOGRAPHIC INDEX,^FB(162.96,
162.97,FEE BASIS CPT RVU,^FB(162.97,
162.98,FEE BASIS MODIFIER TABLE INDEX,^FB(162.98,
162.99,FEE BASIS HCFA CONVERSION,^FB(162.99,
163.5,FPPS QUEUED INVOICES,^FBHL(163.5,
163.7,FEE BASIS FPPS AUDIT,^FB(163.7,
163.85,FEE BASIS VA TYPE OF SERVICE,^FBAA(163.85,
163.99,FEE BASIS FEE SCHEDULE,^FBAA(163.99,
164,ICDO TOPOGRAPHY,^ONCO(164,
164.08,ICDO-SITES,^ONCO(164.08,
164.1,ICD-O-2 MORPHOLOGY,^ONCO(164.1,
164.14,ICDO SITE GROUPS FOR REPORTING,^ONCO(164.14,
164.15,TUMOR MARKERS,^ONCO(164.15,
164.17,KARNOFSKY'S RATING,^ONCO(164.17,
164.18,CHEMOTHERAPEUTIC DRUGS,^ONCO(164.18,
164.2,SITE-GROUP FOR ONCOLOGY,^ONCO(164.2,
164.3,OTHER STAGING FOR ONCOLOGY,^ONCO(164.3,
164.33,AJCC STAGING GROUPS,^ONCO(164.33,
164.4,COMMON CANCERS,^ONCO(164.4,
164.42,PRIMARY CANCER STATUS CODE,^ONCO(164.42,
164.43,GRADE,^ONCO(164.43,
164.45,AJCC STAGE GROUP,^ONCO(164.45,
164.46,RACE CODE FOR ONCOLOGY,^ONCO(164.46,
164.5,SEER CODE SET,^ONCO(164.5,
164.52,ONC CS SITE-SPECIFIC FACTORS,^ONCO(164.52,
164.6,TYPE OF STAGING SYSTEM (PEDIATRIC),^ONCO(164.6,
164.7,RADIATION TREATMENT VOLUME,^ONCO(164.7,
164.8,RADIATION COMPLETION STATUS,^ONCO(164.8,
164.9,WHO HISTOLOGICAL CLASSIFICATION,^ONCO(164.9,
165,ONCOLOGY CONTACT,^ONCO(165,
165.1,FOLLOW-UP FORM LETTER,^ONCO(165.1,
165.2,GEOCODES,^ONCO(165.2,
165.3,CLASS OF CASE,^ONCO(165.3,
165.5,ONCOLOGY PRIMARY,^ONCO(165.5,
165.55,CONVERSION FLAGS,^ONCO(165.55,
165.59,COMPUTED PRIMARY,^ONCO(165.59,
166,CASEFINDING SOURCE,^ONCO(166,
166.12,BLADDER PHYSICIAN SPECIALTY,^ONCO(166.12,
166.13,REGIONAL TREATMENT MODALITY,^ONCO(166.13,
166.3,ONCOLOGY SUBSITE,^ONCO(166.3,
167,HEMATOLOGIC TRANSPLANT/ENDOCRINE PROCEDURES,^ONCO(167,
168,TYPE OF REPORTING SOURCE,^ONCO(168,
169,TYPE OF MULTIPLE TUMORS,^ONCO(169,
169.3,ICD-O-3 MORPHOLOGY,^ONCO(169.3,
169.99,ONCOLOGY PACKAGE STATUS,^ONCO(169.99,
183,CRHD HANDOFF PARAMETERS,^CRHD(183,
183.2,CRHD TEMPORARY DATA,^CRHD(183.2,
183.3,CRHD HOT TEAM PATIENT LIST,^CRHD(183.3,
183.4,CRHD TEAM CONTACT LIST,^CRHD(183.4,
190,RECORDS,^RT(
190.1,REQUESTED RECORDS,^RTV(190.1,
190.2,MISSING RECORDS,^RTV(190.2,
190.3,RECORD MOVEMENT HISTORY,^RTV(190.3,
194.2,PULL LIST,^RTV(194.2,
194.3,RECORD TRACKING SORT GLOBAL,^RTV(194.3,
194.4,LABEL FORMAT,^DIC(194.4,
194.5,LABEL PRINT FIELD,^DIC(194.5,
195.1,RECORD TRACKING APPLICATION,^DIC(195.1,
195.2,RECORD TYPES,^DIC(195.2,
195.3,RECORD MOVEMENT TYPES,^DIC(195.3,
195.4,RECORD TRACKING SYSTEM PARAMETERS,^DIC(195.4,
195.6,REASONS,^DIC(195.6,
195.9,BORROWERS/FILE AREAS,^RTV(195.9,
200,NEW PERSON,^VA(200,
201,USER CLASS,^VA(201,
210,NURS STAFF,^NURSF(210,
211.1,NURS PAY SCALE,^NURSF(211.1,
211.2,*NURS GRADE/STEP,^NURSF(211.2,
211.3,NURS SERVICE POSITION,^NURSF(211.3,
211.4,NURS LOCATION,^NURSF(211.4,
211.5,NURS CLINICAL BACKGROUND,^NURSF(211.5,
211.6,NURS TOUR OF DUTY,^NURSF(211.6,
211.7,NURS AMIS POSITION,^NURSF(211.7,
211.8,NURS POSITION CONTROL,^NURSF(211.8,
211.9,NURS VACANCY/TRANSFERRED REASONS,^NURSF(211.9,
212.1,NURS EDUCATION,^NURSF(212.1,
212.2,NURS CERTIFICATION,^NURSF(212.2,
212.3,NURS COLLEGE MAJOR,^NURSF(212.3,
212.4,*NURS MANDATORY INSERVICE,^NURSF(212.4,
212.42,*NURS MI CLASS GROUP,^NURSF(212.42,
212.6,NURS PRIVILEGE,^NURSF(212.6,
212.7,NURS PRODUCT LINE,^NURSF(212.7,
213.2,NURS AMIS 1106B FTEE,^NURSA(213.2,
213.3,NURS AMIS WARD,^NURSF(213.3,
213.4,NURS AMIS 1106 MANHOURS,^NURSA(213.4,
213.5,NURS AMIS DAILY EXCEPTION REPORT,^NURSA(213.5,
213.9,NURS PARAMETERS,^DIC(213.9,
214,NURS PATIENT,^NURSF(214,
214.6,NURS CLASSIFICATION,^NURSA(214.6,
214.7,NURS REVIEW CLASSIFICATION,^NURSA(214.7,
216.8,NURS CARE PLAN,^NURSC(216.8,
217,NURQ QI SUMMARY,^NURQ(217,
217.1,NURQ STANDARDS OF CARE/PRACTICE,^NURQ(217.1,
217.2,NURQ RATIONALE,^NURQ(217.2,
217.3,NURQ FREQUENCY,^NURQ(217.3,
219.7,*NURS CONVERSION NAME CHANGE,^NURSF(219.7,
220,DENTAL PATIENT,^DENT(220,
220.2,DENTAL CLASSIFICATION,^DIC(220.2,
220.3,DENTAL TYPE OF SERVICE,^DIC(220.3,
220.4,DENTAL BED SECTION,^DIC(220.4,
220.5,DENTAL PROVIDER,^DENT(220.5,
220.51,DENTAL PROVIDER TYPE,^DENT(220.51,
220.52,DENTAL PROVIDER SPECIALTY,^DENT(220.52,
220.6,DENTAL SCREEN (USER),^DENT(220.6,
221,DENTAL TREATMENT (AMIS),^DENT(221,
222,DENTAL FEE BASIS (AMIS),^DENT(222,
223,DENTAL CLASS I-VI (AMIS),^DENT(223,
224,DENTAL PERSONNEL (AMIS),^DENT(224,
225,DENTAL SITE PARAMETERS,^DENT(225,
226,DENTAL NON CLINICAL TIME,^DENT(226,
230,ED LOG,^EDP(230,
230.1,ED LOG HISTORY,^EDP(230.1,
231.7,TRACKING STAFF,^EDPB(231.7,
231.8,TRACKING ROOM-BED,^EDPB(231.8,
231.9,TRACKING AREA,^EDPB(231.9,
233.1,TRACKING CODE,^EDPB(233.1,
233.2,TRACKING CODE SET,^EDPB(233.2,
301.5,IVM PATIENT,^IVM(301.5,
301.6,IVM TRANSMISSION LOG,^IVM(301.6,
301.61,IVM BILLING TRANSMISSION,^IVM(301.61,
301.62,IVM FINANCIAL QUERY LOG,^IVM(301.62,
301.63,IVM EXTRACT MANAGEMENT,^IVM(301.63,
301.7,IVM ADDRESS CHANGE LOG,^IVM(301.7,
301.9,IVM SITE PARAMETER,^IVM(301.9,
301.91,IVM REASONS FOR NOT UPLOADING INSURANCE,^IVM(301.91,
301.92,IVM DEMOGRAPHIC UPLOAD FIELDS,^IVM(301.92,
301.93,IVM CASE CLOSURE REASON,^IVM(301.93,
301.94,IVM FINANCIAL QUERY CLOSURE REASON,^IVM(301.94,
340,AR DEBTOR,^RCD(340,
341,AR EVENT,^RC(341,
341.1,AR EVENT TYPE,^RC(341.1,
342,AR SITE PARAMETER,^RC(342,
342.1,AR GROUP,^RC(342.1,
342.2,AR GROUP TYPE,^RC(342.2,
342.3,AR USER CUSTOMIZE,^RC(342.3,
343,AR FORM LETTER,^RC(343,
344,AR BATCH PAYMENT,^RCY(344,
344.1,AR DEPOSIT,^RCY(344.1,
344.2,AR PAYMENT TRANSACTIONS,^RCY(344.2,
344.3,EDI LOCKBOX DEPOSIT,^RCY(344.3,
344.31,EDI THIRD PARTY EFT DETAIL,^RCY(344.31,
344.4,ELECTRONIC REMITTANCE ADVICE,^RCY(344.4,
344.49,EDI LOCKBOX EOB WORKLIST,^RCY(344.49,
344.5,AR EDI LOCKBOX MESSAGES,^RCY(344.5,
347,AR FMS DOCUMENT,^RC(347,
347.1,AR FMS DOCUMENT TYPE,^RC(347.1,
347.3,REVENUE SOURCE CODE,^RC(347.3,
347.4,AR/FMS DOCUMENTS,^PRCA(347.4,
348,AR NATIONAL DATA BASE CRITERIA,^RC(348,
348.1,BAD DEBT ALLOWANCE,^RC(348.1,
348.2,TOP REFUND/REVERSAL CODES,^RC(348.2,
348.4,AR DATA QUEUE,^RCXV(
349,AR TRANSMISSION RECORDS,^RCT(349,
349.1,AR TRANSMISSION TYPE,^RCT(349.1,
349.2,AR CCPC STATEMENTS,^RCPS(349.2,
349.3,AR RC TRANSMISSIONS,^RCT(349.3,
349.4,AR RC TRANSACTION CODES,^RCT(349.4,
349.7,CCPC STATEMENT ERRORS,^RCPSE(349.7,
349.8,CCPC ERROR TYPE,^RCPSS(349.8,
349.9,AR TRANSMISSION SEGMENTS,^RCT(349.9,
350,INTEGRATED BILLING ACTION,^IB(
350.1,IB ACTION TYPE,^IBE(350.1,
350.2,IB ACTION CHARGE,^IBE(350.2,
350.21,IB ACTION STATUS,^IBE(350.21,
350.3,IB CHARGE REMOVE REASONS,^IBE(350.3,
350.4,BILLABLE AMBULATORY SURGICAL CODE,^IBE(350.4,
350.41,UPDATE BILLABLE AMBULATORY SURGICAL CODE,^IBE(350.41,
350.5,BASC LOCALITY MODIFIER,^IBE(350.5,
350.6,IB ARCHIVE/PURGE LOG,^IBE(350.6,
350.7,AMBULATORY CHECK-OFF SHEET,^IBE(350.7,
350.71,AMBULATORY SURG. CHECK-OFF SHEET PRINT FIELDS  ^IBE(350.71,
350.8,IB ERROR,^IBE(350.8,
350.9,IB SITE PARAMETERS,^IBE(350.9,
351,MEANS TEST BILLING CLOCK,^IBE(351,
351.1,IB CONTINUOUS PATIENT,^IBE(351.1,
351.2,SPECIAL INPATIENT BILLING CASES,^IBE(351.2,
351.5,TRICARE PHARMACY TRANSACTIONS,^IBA(351.5,
351.51,TRICARE PHARMACY ERRORS,^IBE(351.51,
351.52,TRICARE PHARMACY REJECTS,^IBA(351.52,
351.53,PRODUCT SELECTION REASON,^IBA(351.53,
351.6,TRANSFER PRICING PATIENT,^IBAT(351.6,
351.61,TRANSFER PRICING TRANSACTIONS,^IBAT(351.61,
351.62,TRANSFER PRICING FIELD DEFINITION,^IBAT(351.62,
351.67,TRANSFER PRICING INPT PROSTHETIC ITEMS,^IBAT(351.67,
351.7,IB DM EXTRACT REPORTS,^IBE(351.7,
351.701,IB DM EXTRACT DATA ELEMENTS,^IBE(351.701,
351.71,IB DM EXTRACT DATA,^IBE(351.71,
351.73,IB DM WORKLOAD PARAMETERS,^IBE(351.73,
351.81,LTC COPAY CLOCK,^IBA(351.81,
351.9,CLAIMSMANAGER BILLS,^IBA(351.9,
351.91,CLAIMSMANAGER STATUS,^IBA(351.91,
352.1,BILLABLE APPOINTMENT TYPE,^IBE(352.1,
352.2,NON-BILLABLE DISPOSITIONS,^IBE(352.2,
352.3,NON-BILLABLE CLINIC STOP CODES,^IBE(352.3,
352.4,NON-BILLABLE CLINICS,^IBE(352.4,
352.5,IB CLINIC STOP CODE BILLABLE TYPES,^IBE(352.5,
353,BILL FORM TYPE,^IBE(353,
353.1,PLACE OF SERVICE,^IBE(353.1,
353.2,TYPE OF SERVICE,^IBE(353.2,
353.3,IB ATTACHMENT REPORT TYPE,^IBE(353.3,
354,BILLING PATIENT,^IBA(354,
354.1,BILLING EXEMPTIONS,^IBA(354.1,
354.2,EXEMPTION REASON,^IBE(354.2,
354.3,BILLING THRESHOLDS,^IBE(354.3,
354.4,BILLING ALERTS,^IBA(354.4,
354.5,BILLING ALERT DEFINITION,^IBE(354.5,
354.6,IB FORM LETTER,^IBE(354.6,
354.7,IB PATIENT COPAY ACCOUNT,^IBAM(354.7,
354.71,IB COPAY TRANSACTIONS,^IBAM(354.71,
354.75,IB COPAY CAPS,^IBAM(354.75,
355.1,TYPE OF PLAN,^IBE(355.1,
355.12,SOURCE OF INFORMATION,^IBE(355.12,
355.13,INSURANCE FILING TIME FRAME,^IBE(355.13,
355.2,TYPE OF INSURANCE COVERAGE,^IBE(355.2,
355.3,GROUP INSURANCE PLAN,^IBA(355.3,
355.31,PLAN LIMITATION CATEGORY,^IBE(355.31,
355.32,PLAN COVERAGE LIMITATIONS,^IBA(355.32,
355.33,INSURANCE BUFFER,^IBA(355.33,
355.34,INSURANCE REMOTE QUERY RESULTS,^IBA(355.34,
355.4,ANNUAL BENEFITS,^IBA(355.4,
355.5,INSURANCE CLAIMS YEAR TO DATE,^IBA(355.5,
355.6,INSURANCE RIDERS,^IBE(355.6,
355.7,PERSONAL POLICY,^IBA(355.7,
355.8,SPONSOR,^IBA(355.8,
355.81,SPONSOR RELATIONSHIP,^IBA(355.81,
355.82,SPONSOR PERSON,^IBA(355.82,
355.9,IB BILLING PRACTITIONER ID,^IBA(355.9,
355.91,IB INSURANCE CO LEVEL BILLING PROV ID,^IBA(355.91,
355.92,FACILITY BILLING ID,^IBA(355.92,
355.93,IB NON/OTHER VA BILLING PROVIDER,^IBA(355.93,
355.95,IB PROVIDER ID CARE UNIT,^IBA(355.95,
355.96,IB INS CO PROVIDER ID CARE UNIT,^IBA(355.96,
355.97,IB PROVIDER ID # TYPE,^IBE(355.97,
356,CLAIMS TRACKING,^IBT(356,
356.1,HOSPITAL REVIEW,^IBT(356.1,
356.11,CLAIMS TRACKING REVIEW TYPE,^IBE(356.11,
356.19,CLAIMS TRACKING UNBILLED AMOUNTS DATA,^IBE(356.19,
356.2,INSURANCE REVIEW,^IBT(356.2,
356.21,CLAIMS TRACKING DENIAL REASONS,^IBE(356.21,
356.25,CLAIMS TRACKING ROI,^IBT(356.25,
356.3,CLAIMS TRACKING SI/IS CATEGORIES,^IBE(356.3,
356.399,CLAIMS TRACKING/BILL,^IBT(356.399,
356.4,CLAIMS TRACKING NON-ACUTE CLASSIFICATIONS,^IBE(356.4,
356.5,CLAIMS TRACKING ALOS,^IBE(356.5,
356.6,CLAIMS TRACKING TYPE,^IBE(356.6,
356.7,CLAIMS TRACKING ACTION,^IBE(356.7,
356.8,CLAIMS TRACKING NON-BILLABLE REASONS,^IBE(356.8,
356.85,CLAIMS TRACKING BILLABLE FINDINGS,^IBT(356.85,
356.9,INPATIENT DIAGNOSIS,^IBT(356.9,
356.91,INPATIENT PROCEDURE,^IBT(356.91,
356.93,INPATIENT INTERIM DRG,^IBT(356.93,
356.94,INPATIENT PROVIDERS,^IBT(356.94,
357,ENCOUNTER FORM,^IBE(357,
357.08,AICS PURGE LOG,^IBD(357.08,
357.09,ENCOUNTER FORM PARAMETERS,^IBD(357.09,
357.1,ENCOUNTER FORM BLOCK,^IBE(357.1,
357.2,SELECTION LIST,^IBE(357.2,
357.3,SELECTION,^IBE(357.3,
357.4,SELECTION GROUP,^IBE(357.4,
357.5,DATA FIELD,^IBE(357.5,
357.6,PACKAGE INTERFACE,^IBE(357.6,
357.69,TYPE OF VISIT,^IBE(357.69,
357.7,FORM LINE,^IBE(357.7,
357.8,TEXT AREA,^IBE(357.8,
357.91,MARKING AREA TYPE,^IBE(357.91,
357.92,PRINT CONDITIONS,^IBE(357.92,
357.93,MULTIPLE CHOICE FIELD,^IBE(357.93,
357.94,ENCOUNTER FORM PRINTERS,^IBE(357.94,
357.95,FORM DEFINITION,^IBD(357.95,
357.96,ENCOUNTER FORM TRACKING,^IBD(357.96,
357.97,ENCOUNTER FORM COUNTERS,^IBD(357.97,
357.98,AICS DATA QUALIFIERS,^IBD(357.98,
357.99,PRINT MANAGER CLINIC GROUPS,^IBD(357.99,
358,IMP/EXP ENCOUNTER FORM,^IBE(358,
358.1,IMP/EXP ENCOUNTER FORM BLOCK,^IBE(358.1,
358.2,IMP/EXP SELECTION LIST,^IBE(358.2,
358.3,IMP/EXP SELECTION,^IBE(358.3,
358.4,IMP/EXP SELECTION GROUP,^IBE(358.4,
358.5,IMP/EXP DATA FIELD,^IBE(358.5,
358.6,IMP/EXP PACKAGE INTERFACE,^IBE(358.6,
358.7,IMP/EXP FORM LINE,^IBE(358.7,
358.8,IMP/EXP TEXT AREA,^IBE(358.8,
358.91,IMP/EXP MARKING AREA,^IBE(358.91,
358.93,IMP/EXP MULTIPLE CHOICE FIELD,^IBE(358.93,
358.94,IMP/EXP HAND PRINT FIELD,^IBE(358.94,
358.98,IMP/EXP AICS DATA QUALIFIERS,^IBD(358.98,
358.99,IMP/EXP AICS DATA ELEMENTS,^IBE(358.99,
359,CONVERTED FORMS,^IBD(359,
359.1,AICS DATA ELEMENTS,^IBE(359.1,
359.2,FORM SPECS,^IBD(359.2,
359.3,AICS ERROR AND WARNING LOG,^IBD(359.3,
359.94,HAND PRINT FIELD,^IBE(359.94,
361,BILL STATUS MESSAGE,^IBM(361,
361.1,EXPLANATION OF BENEFITS,^IBM(361.1,
361.2,IB ELECTRONIC REPORT DISPOSITION,^IBE(361.2,
361.3,IB MESSAGE SCREEN TEXT,^IBE(361.3,
361.4,EDI TEST CLAIM STATUS MESSAGE,^IBM(361.4,
362.1,IB AUTOMATED BILLING COMMENTS,^IBA(362.1,
362.3,IB BILL/CLAIMS DIAGNOSIS,^IBA(362.3,
362.4,IB BILL/CLAIMS PRESCRIPTION REFILL,^IBA(362.4,
362.5,IB BILL/CLAIMS PROSTHETICS,^IBA(362.5,
363,RATE SCHEDULE,^IBE(363,
363.1,CHARGE SET,^IBE(363.1,
363.2,CHARGE ITEM,^IBA(363.2,
363.21,BILLING ITEMS,^IBA(363.21,
363.3,BILLING RATE,^IBE(363.3,
363.31,BILLING REGION,^IBE(363.31,
363.32,BILLING SPECIAL GROUPS,^IBE(363.32,
363.33,BILLING REVENUE CODE LINKS,^IBE(363.33,
363.34,BILLING PROVIDER DISCOUNT,^IBE(363.34,
364,EDI TRANSMIT BILL,^IBA(364,
364.1,EDI TRANSMISSION BATCH,^IBA(364.1,
364.2,EDI MESSAGES,^IBA(364.2,
364.3,IB MESSAGE ROUTER,^IBE(364.3,
364.4,IB EDI TRANSMISSION RULE,^IBE(364.4,
364.5,IB DATA ELEMENT DEFINITION,^IBA(364.5,
364.6,IB FORM SKELETON DEFINITION,^IBA(364.6,
364.7,IB FORM FIELD CONTENT,^IBA(364.7,
365,IIV RESPONSE,^IBCN(365,
365.011,X12 271 ELIGIBILITY/BENEFIT,^IBE(365.011,
365.012,X12 271 COVERAGE LEVEL,^IBE(365.012,
365.013,X12 271 SERVICE TYPE,^IBE(365.013,
365.014,X12 271 INSURANCE TYPE,^IBE(365.014,
365.015,X12 271 TIME PERIOD QUALIFIER,^IBE(365.015,
365.016,X12 271 QUANTITY QUALIFIER,^IBE(365.016,
365.017,X12 271 ERROR CONDITION,^IBE(365.017,
365.018,X12 271 ERROR ACTION,^IBE(365.018,
365.021,X12 271 CONTACT QUALIFIER,^IBE(365.021,
365.022,X12 271 ENTITY IDENTIFIER CODE,^IBE(365.022,
365.023,X12 271 IDENTIFICATION QUALIFIER,^IBE(365.023,
365.024,X12 271 PROVIDER CODE,^IBE(365.024,
365.025,X12 271 DELIVERY FREQUENCY CODE,^IBE(365.025,
365.026,X12 271 DATE QUALIFIER,^IBE(365.026,
365.027,X12 271 LOOP ID,^IBE(365.027,
365.028,X12 271 REFERENCE IDENTIFICATION,^IBE(365.028,
365.1,IIV TRANSMISSION QUEUE,^IBCN(365.1,
365.11,IIV AUTO MATCH,^IBCN(365.11,
365.12,PAYER,^IBE(365.12,
365.13,PAYER APPLICATION,^IBE(365.13,
365.14,IIV TRANSMISSION STATUS,^IBE(365.14,
365.15,IIV STATUS TABLE,^IBE(365.15,
366.01,NCPDP PROCESSOR,^IBCNR(366.01,
366.02,PHARMACY BENEFITS MANAGER (PBM),^IBCNR(366.02,
366.03,PLAN,^IBCNR(366.03,
366.11,NCPDP PROCESSOR APPLICATION,^IBCNR(366.11,
366.12,PHARMACY BENEFITS MANAGER (PBM) APPLICATION,^IBCNR(366.12,
366.13,PLAN APPLICATION,^IBCNR(366.13,
366.14,IB NCPDP EVENT LOG,^IBCNR(366.14,
366.15,IB NCPDP PRESCRIPTION,^IBCNR(366.15,
366.16,IB NDC NON COVERED BY PLAN,^IBCNR(366.16,
372,PFSS SITE PARAMETERS,^IBBAS(372,
373,PFSS CHARGE CACHE,^IBBAD(373,
375,PFSS ACCOUNT,^IBBAA(375,
389.9,STATION NUMBER (TIME SENSITIVE),^VA(389.9,
390,ENROLLMENT RATED DISABILITY UPLOAD AUDIT,^DGRDUA(390,
391,TYPE OF PATIENT,^DG(391,
391.1,AMIS SEGMENT,^DG(391.1,
391.23,DG REGISTER ONCE FIELD DEFINITION,^DGRO(391.23,
391.31,HOME TELEHEALTH PATIENT,^DGHT(391.31,
391.71,ADT/HL7 PIVOT,^VAT(391.71,
391.72,ADT/HL7 EVENT REASON,^VAT(391.72,
391.91,TREATING FACILITY LIST,^DGCN(391.91,
391.92,VAFC ASSIGNING AUTHORITY,^DGCN(391.92,
391.98,PATIENT DATA EXCEPTION,^DGCN(391.98,
391.984,EXCEPTION STATUS,^DGCN(391.984,
391.99,PATIENT DATA ELEMENT,^DGCN(391.99,
392,BENEFICIARY TRAVEL CLAIM,^DGBT(392,
392.1,BENEFICIARY TRAVEL DISTANCE,^DGBT(392.1,
392.2,BENEFICIARY TRAVEL CERTIFICATION,^DGBT(392.2,
392.3,BENEFICIARY TRAVEL ACCOUNT,^DGBT(392.3,
392.31,LOCAL VENDOR,^DGBT(392.31,
392.4,BENEFICIARY TRAVEL MODE OF TRANSPORTATION,^DGBT(392.4,
393,INCOMPLETE RECORDS,^VAS(393,
393.1,MAS SERVICE,^DG(393.1,
393.2,IRT STATUS,^DG(393.2,
393.3,IRT TYPE OF DEFICIENCY,^VAS(393.3,
393.41,TYPE OF CATEGORY,^VAS(393.41,
394,*PDX TRANSACTION,^VAT(394,
394.1,*PDX DATA,^VAT(394.1,
394.2,*PDX PARAMETER,^VAT(394.2,
394.3,*PDX STATUS,^VAT(394.3,
394.4,*PDX STATISTICS,^VAT(394.4,
394.61,VAQ - TRANSACTION,^VAT(394.61,
394.62,VAQ - DATA,^VAT(394.62,
394.71,VAQ - DATA SEGMENT,^VAT(394.71,
394.72,VAQ - ENCRYPTION METHOD,^VAT(394.72,
394.73,VAQ - ENCRYPTED FIELDS,^VAT(394.73,
394.81,VAQ - PARAMETER,^VAT(394.81,
394.82,VAQ - RELEASE GROUP,^VAT(394.82,
394.83,VAQ - OUTGOING GROUP,^VAT(394.83,
394.84,VAQ - SEGMENT GROUP,^VAT(394.84,
394.85,VAQ - STATUS,^VAT(394.85,
394.86,VAQ - AUTO-NUMBERING,^VAT(394.86,
394.87,VAQ - WORKLOAD,^VAT(394.87,
394.88,VAQ - WORK,^VAT(394.88,
395,DVB PARAMETERS,^DVB(395,
395.1,ENTITLEMENT CODES,^DVB(395.1,
395.2,ANATOMICAL-LOSS CODES,^DVB(395.2,
395.3,MONTHLY COMPENSATION,^DVB(395.3,
395.4,DIARY DEFINITIONS,^DVB(395.4,
395.5,HINQ SUSPENSE,^DVB(395.5,
395.7,HINQ AUDIT,^DVB(395.7,
396,FORM 7131,^DVB(396,
396.1,AMIE SITE PARAMETER,^DVB(396.1,
396.15,CAPRI DIVISION EXAM LIST,^DVB(396.15,
396.17,CAPRI TEMPLATES,^DVB(396.17,
396.18,CAPRI TEMPLATE DEFINITIONS,^DVB(396.18,
396.2,AMIE REPORT,^DVB(396.2,
396.3,2507 REQUEST,^DVB(396.3,
396.4,2507 EXAM,^DVB(396.4,
396.5,2507 CANCELLATION REASON,^DVB(396.5,
396.6,AMIE EXAM,^DVB(396.6,
396.7,2507 BODY SYSTEM,^DVB(396.7,
396.94,2507 INSUFFICIENT REASONS,^DVB(396.94,
396.95,AMIE C&P EXAM TRACKING,^DVB(396.95,
399,BILL/CLAIMS,^DGCR(399,
399.1,MCCR UTILITY,^DGCR(399.1,
399.2,REVENUE CODE,^DGCR(399.2,
399.3,RATE TYPE,^DGCR(399.3,
399.4,MCCR INCONSISTENT DATA ELEMENTS,^DGCR(399.4,
399.5,BILLING RATES,^DGCR(399.5,
403.35,SCHEDULING USER PREFERENCE,^SCRS(403.35,
403.43,SCHEDULING EVENT,^SD(403.43,
403.44,SCHEDULING REASON,^SD(403.44,
403.46,STANDARD POSITION,^SD(403.46,
403.47,TEAM PURPOSE,^SD(403.47,
403.5,RECALL REMINDERS,^SD(403.5,
403.51,RECALL REMINDERS APPT TYPE,^SD(403.51,
403.52,RECALL REMINDERS LETTERS,^SD(403.52,
403.53,RECALL REMINDERS PARAMETERS,^SD(403.53,
403.54,RECALL REMINDERS PROVIDERS,^SD(403.54,
403.55,RECALL REMINDERS TEAM,^SD(403.55,
403.56,RECALL REMINDERS REMOVED,^SD(403.56,
404.41,OUTPATIENT PROFILE,^SCPT(404.41,
404.42,PATIENT TEAM ASSIGNMENT,^SCPT(404.42,
404.43,PATIENT TEAM POSITION ASSIGNMENT,^SCPT(404.43,
404.44,PCMM PARAMETER,^SCTM(404.44,
404.45,PCMM SERVER PATCH,^SCTM(404.45,
404.46,PCMM CLIENT PATCH,^SCTM(404.46,
404.471,PCMM HL7 TRANSMISSION LOG,^SCPT(404.471,
404.472,PCMM HL7 ERROR CODE,^SCPT(404.472,
404.48,PCMM HL7 EVENT,^SCPT(404.48,
404.49,PCMM HL7 ID,^SCPT(404.49,
404.51,TEAM,^SCTM(404.51,
404.52,POSITION ASSIGNMENT HISTORY,^SCTM(404.52,
404.53,PRECEPTOR ASSIGNMENT HISTORY,^SCTM(404.53,
404.56,TEAM AUTOLINK,^SCTM(404.56,
404.57,TEAM POSITION,^SCTM(404.57,
404.58,TEAM HISTORY,^SCTM(404.58,
404.59,TEAM POSITION HISTORY,^SCTM(404.59,
404.91,SCHEDULING PARAMETER,^SD(404.91,
404.92,SCHEDULING REPORT DEFINITION,^SD(404.92,
404.93,SCHEDULING REPORT FIELDS DEFINITION,^SD(404.93,
404.94,SCHEDULING REPORT GROUP,^SD(404.94,
404.95,SCHEDULING REPORT QUERY TEMPLATE,^SD(404.95,
404.98,SCHEDULING CONVERSION SPECIFICATION TEMPLATE,^SD(404.98,
405,PATIENT MOVEMENT,^DGPM(
405.1,FACILITY MOVEMENT TYPE,^DG(405.1,
405.2,MAS MOVEMENT TYPE,^DG(405.2,
405.3,MAS MOVEMENT TRANSACTION TYPE,^DG(405.3,
405.4,ROOM-BED,^DG(405.4,
405.5,MAS OUT-OF-SERVICE,^DG(405.5,
405.6,ROOM-BED DESCRIPTION,^DG(405.6,
406.41,LODGING REASON,^DG(406.41,
407.5,LETTER,^VA(407.5,
407.6,LETTER TYPE,^VA(407.6,
407.7,TRANSMISSION ROUTERS,^VAT(407.7,
408,DISCRETIONARY WORKLOAD,^VAT(408,
408.11,RELATIONSHIP,^DG(408.11,
408.12,PATIENT RELATION,^DGPR(408.12,
408.13,INCOME PERSON,^DGPR(408.13,
408.21,INDIVIDUAL ANNUAL INCOME,^DGMT(408.21,
408.22,INCOME RELATION,^DGMT(408.22,
408.31,ANNUAL MEANS TEST,^DGMT(408.31,
408.32,MEANS TEST STATUS,^DG(408.32,
408.33,TYPE OF TEST,^DG(408.33,
408.34,SOURCE OF INCOME TEST,^DG(408.34,
408.41,MEANS TEST CHANGES,^DGMT(408.41,
408.42,MEANS TEST CHANGES TYPE,^DG(408.42,
409.1,APPOINTMENT TYPE,^SD(409.1,
409.2,CANCELLATION REASONS,^SD(409.2,
409.3,SD WAIT LIST,^SDWL(409.3,
409.31,SD WL SERVICE/SPECIALTY,^SDWL(409.31,
409.32,SD WL CLINIC LOCATION,^SDWL(409.32,
409.35,SDWL TRANSFER REQUEST,^SDWL(409.35,
409.36,SDWL TRANSFER ACCEPT,^SDWL(409.36,
409.39,EWL CLEAN-UP,^SDWL(409.39,
409.41,OUTPATIENT CLASSIFICATION TYPE,^SD(409.41,
409.42,OUTPATIENT CLASSIFICATION,^SDD(409.42,
409.43,OUTPATIENT DIAGNOSIS,^SDD(409.43,
409.44,OUTPATIENT PROVIDER,^SDD(409.44,
409.45,OUTPATIENT CLASSIFICATION STOP CODE EXCEPTION  ^SD(409.45,
409.48,SDSC SERVICE CONNECTED CHANGES,^SDSC(409.48,
409.5,SCHEDULING VISITS,^SDV(
409.55,APPOINTMENT PFSS ACCOUNT REFERENCE,^SD(409.55,
409.6,PATIENT APPOINTMENT INFO LOG,^SDWL(409.6,
409.61,LIST TEMPLATE,^SD(409.61,
409.62,APPOINTMENT GROUP,^SD(409.62,
409.63,APPOINTMENT STATUS,^SD(409.63,
409.64,QUERY OBJECT,^SD(409.64,
409.65,APPOINTMENT STATUS UPDATE LOG,^SDD(409.65,
409.66,APPOINTMENT TRANSACTION TYPE,^SD(409.66,
409.67,CLINIC GROUP,^SD(409.67,
409.68,OUTPATIENT ENCOUNTER,^SCE(
409.73,TRANSMITTED OUTPATIENT ENCOUNTER,^SD(409.73,
409.74,DELETED OUTPATIENT ENCOUNTER,^SD(409.74,
409.75,TRANSMITTED OUTPATIENT ENCOUNTER ERROR,^SD(409.75,
409.76,TRANSMITTED OUTPATIENT ENCOUNTER ERROR CODE,^SD(409.76,
409.77,ACRP TRANSMISSION HISTORY,^SD(409.77,
409.91,ACRP REPORT TEMPLATE,^SDD(409.91,
409.92,ACRP REPORT TEMPLATE PARAMETER,^SD(409.92,
409.95,PRINT MANAGER CLINIC SETUP,^SD(409.95,
409.96,PRINT MANAGER DIVISION SETUP,^SD(409.96,
410,CONTROL POINT ACTIVITY,^PRCS(410,
410.1,TRANSACTION NUMBER,^PRCS(410.1,
410.2,CLASSIFICATION OF REQUEST,^PRCS(410.2,
410.3,REPETITIVE ITEM LIST,^PRCS(410.3,
410.4,SUB-CONTROL POINT,^PRCS(410.4,
410.5,CPA FORM TYPE,^PRCS(410.5,
410.6,DELIVERY SCHEDULE,^PRCS(410.6,
410.7,SORT GROUP,^PRCS(410.7,
410.8,DELIVERY POINT,^PRCS(410.8,
410.9,AUTHORITY OF REQUEST,^PRCS(410.9,
411,ADMIN. ACTIVITY SITE PARAMETER,^PRC(411,
411.2,FACILITY TYPE (TEMPORARY),^PRC(411.2,
411.3,IFCAP CONVERSION DISCREPANCY,^PRC(411.3,
411.4,IFCAP CONVERSION ERROR,^PRC(411.4,
411.5,IFCAP PARAMETERS,^PRC(411.5,
413,EQUIPMENT REQUEST,^PRCN(413,
413.1,TURN-IN REQUEST,^PRCN(413.1,
413.2,EQUIPMENT COMMITTEE,^PRCN(413.2,
413.3,CONCURRING OFFICIALS,^PRCN(413.3,
413.4,SPECIAL HANDLING CODES,^PRCN(413.4,
413.5,NX STATUS,^PRCN(413.5,
413.7,COUNTER,^PRCN(413.7,
414.02,DYNAMED IFCAP INTERFACE AUDIT,^PRCV(414.02,
414.03,COTS INVENTORY SUBSCRIPTION CONTROL,^PRCV(414.03,
414.04,RECORD CHECKSUM,^PRCV(414.04,
417,FMS TRANSACTIONS,^PRCS(417,
417.1,FMS EXCEPTIONS,^PRCS(417.1,
420,FUND CONTROL POINT,^PRC(420,
420.1,COST CENTER,^PRCD(420.1,
420.13,PRCD SD PROGRAM,^PRCD(420.13,
420.131,PRCD SD FCP/PRJ,^PRCD(420.131,
420.132,PRCD SD OBJECT CLASS,^PRCD(420.132,
420.133,PRCD SD JOB,^PRCD(420.133,
420.134,PRCD SD REPORTING CATEGORY,^PRCD(420.134,
420.135,PRCD SD REVENUE SOURCE,^PRCD(420.135,
420.136,PRCD SD SUB-REV SOURCE,^PRCD(420.136,
420.137,PRCD SD SUB-OBJ,^PRCD(420.137,
420.138,PRCD SD FMS SECURITY,^PRCD(420.138,
420.14,PRCD FUND,^PRCD(420.14,
420.141,PRCD FMS SUB-ALLOWANCE ACCOUNT,^PRCD(420.141,
420.15,PRCD SD ADMINISTRATIVE OFFICE,^PRCD(420.15,
420.16,PRCD SD DOCUMENT TYPE,^PRCD(420.16,
420.17,PRCD SD DOCUMENT DATA ELEMENT,^PRCD(420.17,
420.18,PRCD REQUIRED FIELDS,^PRCD(420.18,
420.19,PRCD STANDARD DICTIONARY,^PRCD(420.19,
420.1999,PRCD SD STATUS,^PRCD(420.1999
420.2,BUDGET OBJECT CODE,^PRCD(420.2,
420.3,PRCD FUND/APPROPRIATION CODE,^PRCD(420.3,
420.4,CALM/LOG TRANSACTIONS CODE LIST,^PRCD(420.4,
420.5,UNIT OF ISSUE,^PRCD(420.5,
420.51,REASON NOT COMPETED,^PRCD(420.51,
420.52,SOLICITATION PROCEDURE,^PRCD(420.52,
420.53,EXTENT COMPETED,^PRCD(420.53,
420.54,EVALUATED PREFERENCE,^PRCD(420.54,
420.55,EPA DESIGNATED PRODUCT,^PRCD(420.55,
420.6,CODE INDEX,^PRCD(420.6,
420.7,BUDGET DISTRIBUTION CODES,^PRCF(420.7,
420.8,SOURCE CODE,^PRCD(420.8,
420.9,INTERMEDIATE PRODUCT,^PRCD(420.9,
420.92,PRCU IFCAP/FMS CONVERSION,^PRCU(420.92,
420.96,IFCAP/FMS OBLIGATION RECONCILIATION REPORT,^PRCU(420.96,
420.97,IFCAP/FMS FCP RECONCILIATION MESSAGE,^PRCU(420.97,
420.98,IFCAP/FMS FCP RECONCILIATION REPORT,^PRCU(420.98,
420.99,IFCAP TEMP FCP SNAPSHOT,^PRCU(420.99,
420.9999,PRCD SD STANDARD FOR COPYING,^PRCD(420.9999
421,FUND DISTRIBUTION,^PRCF(421,
421.1,MULTIPLE DISTRIBUTION,^PRCF(421.1,
421.2,CALM/LOG TRANSMISSION RECORD,^PRCF(421.2,
421.3,CALM ERROR MESSAGES,^PRCF(421.3,
421.4,FISCAL LOCK,^PRCF(421.4,
421.5,INVOICE TRACKING,^PRCF(421.5,
421.6,FUND DISTRIBUTION (TEMP TRANS),^PRCF(421.6,
421.7,INVOICE DLN COUNTER,^PRCF(421.7,
421.8,FISCAL STACKED DOCUMENTS,^PRC(421.8,
421.9,INVOICE PARTIAL COUNTER,^PRCF(421.9,
422,CALM/LOG TEMPLATE MAPS,^PRCD(422,
422.2,COUNTER,^PRCF(422.2,
423,CALM/LOG CODE SHEET,^PRCF(423,
423.4,ISMS REASON CODES,^PRCF(423.4,
423.5,PRC IFCAP MESSAGE ROUTER,^PRCF(423.5,
423.6,ISMS/FMS TRANS,^PRCF(423.6,
423.9,CALM/LOG BATCH TYPE,^PRCF(423.9,
424,1358 DAILY RECORD,^PRC(424,
424.1,1358 AUTHORIZATION DETAIL,^PRC(424.1,
430,ACCOUNTS RECEIVABLE,^PRCA(430,
430.2,ACCOUNTS RECEIVABLE CATEGORY,^PRCA(430.2,
430.3,ACCOUNTS RECEIVABLE TRANS.TYPE,^PRCA(430.3,
430.6,AR DEBT LIST,^PRCA(430.6,
430.8,AR ARCHIVE,^PRCAK(430.8,
433,AR TRANSACTION,^PRCA(433,
440,VENDOR,^PRC(440,
440.2,DIRECT DELIVERY PATIENTS,^PRC(440.2,
440.3,VENDOR EDIT,^PRC(440.3,
440.5,PURCHASE CARD INFORMATION,^PRC(440.5,
440.6,PURCHASE CARD ORDER RECONCILE,^PRCH(440.6,
440.7,MONTHLY ACCRUAL,^PRCH(440.7,
440.8,PRCH AFC CHARGE TRANSMISSION LOG,^PRCH(440.8,
441,ITEM MASTER,^PRC(441,
441.2,FEDERAL SUPPLY CLASSIFICATION,^PRC(441.2,
441.3,FSC GROUP TITLES,^PRC(441.3,
441.4,DLA/LOG CODES,^PRCD(441.4,
441.6,TYPE OF REQUISITION AMENDMENT,^PRCD(441.6,
441.7,AMENDMENTS TO DELIVERY SCHEDULES,^PRC(441.7,
442,PROCUREMENT & ACCOUNTING TRANSACTIONS,^PRC(442,
442.2,TYPE OF AMENDMENT,^PRCD(442.2,
442.3,PURCHASE ORDER STATUS,^PRCD(442.3,
442.4,PURCHASE AUTHORITY,^PRC(442.4,
442.5,PAT TYPE,^PRCD(442.5,
442.6,PAT NUMBER,^PRC(442.6,
442.7,ADMINISTRATIVE CERTIFICATIONS,^PRC(442.7,
442.8,DELIVERY SCHEDULE (ORDER),^PRC(442.8,
442.9,ELEC RECEIVING REPORT BATCH,^PRC(442.9,
443,REQUEST WORKSHEET,^PRC(443,
443.1,IFCAP PURGEMASTER WORKLIST,^PRC(443.1,
443.2,IFCAP PURGE PARAMETERS,^PRC(443.2,
443.3,IFCAP PURGE INPROCESS,^PRC(443.3,
443.4,TYPE OF SPECIAL HANDLING,^PRC(443.4,
443.5,P.O./REQUEST/R.R. PRINT LOG,^PRC(443.5,
443.6,AMENDMENTS,^PRC(443.6,
443.75,EDI SENDER,^PRC(443.75,
443.76,EDI ERROR CODES,^PRC(443.76,
443.8,LOCAL PROCUREMENT REASON CODES,^PRC(443.8,
443.9,IFCAP PENDING ARCHIVE,^PRC(443.9,
444,REQUEST FOR QUOTATION,^PRC(444,
444.1,RFQ VENDOR,^PRC(444.1,
444.2,SIC CODE,^PRC(444.2,
444.21,SIC CODE GROUPS,^PRC(444.21,
444.3,RFQ COUNTER,^PRC(444.3,
444.4,RFQ EDITING PREFERENCE,^PRC(444.4,
445,GENERIC INVENTORY,^PRCP(445,
445.1,INVENTORY BALANCES,^PRCP(445.1,
445.2,INVENTORY TRANSACTION,^PRCP(445.2,
445.3,INTERNAL DISTRIBUTION ORDER/ADJ.,^PRCP(445.3,
445.4,STORAGE LOCATION,^PRCP(445.4,
445.5,AUTOMATED SUPPLY STATIONS,^PRCP(445.5,
445.6,GROUP CATEGORY,^PRCP(445.6,
445.7,CASE CARTS,^PRCP(445.7,
445.8,INSTRUMENT KITS,^PRCP(445.8,
446,DISTRIBUTION/USAGE HISTORY,^PRCP(446,
446.1,INVENTORY DISTRIBUTED PATIENT SUPPLIES,^PRCP(446.1,
446.4,BARCODE PROGRAM,^PRCT(446.4,
446.5,CUSTOM LABEL,^PRCT(446.5,
446.6,SPECIALTY COMMANDS,^PRCT(446.6,
446.7,CLRS REPORT STORAGE,^PRCP(446.7,
447,INVENTORY LOCK MANAGEMENT,^PRCP(447,
447.1,AUTOMATED SUPPLY STATION PROCESSING QUEUE,^PRCP(447.1,
450,PAID EMPLOYEE,^PRSPC(
450.11,PAID DOWNLOAD MESSAGE ERROR,^PRSD(450.11,
450.12,PAID DOWNLOAD MESSAGE,^PRSD(450.12,
452,PRSE STUDENT EDUCATION TRACKING,^PRSE(452,
452.1,PRSE PROGRAM/CLASS,^PRSE(452.1,
452.2,PRSE EDUCATION PROGRAM/CLASS SUPPLIER,^PRSE(452.2,
452.3,PRSE MANDATORY TRAINING (MI) CLASS GROUP,^PRSE(452.3,
452.4,PRSE EDUCATION PROGRAM/CLASS CATEGORY,^PRSE(452.4,
452.5,PRSE EDUCATION PRESENTATION MEDIA,^PRSE(452.5,
452.51,PRSE EMPLOYEE PURPOSE OF TRAINING,^PRSE(452.51,
452.6,PRSE SVC REASONS FOR TRAINING,^PRSE(452.6,
452.7,PRSE PARAMETERS,^PRSE(452.7,
452.8,PRSE EDUCATION REGISTRATION,^PRSE(452.8,
452.9,PRSE EDUCATION ACCREDITATION ORGANIZATIONS,^PRSE(452.9,
453,APPLICANT,^PRSP(453,
454,PAID CODE FILES,^PRSP(454,
454.1,PAID COST CENTER/ORGANIZATION,^PRSP(454.1,
455.1,8B ERROR MESSAGE,^PRST(455.1,
455.5,T&L UNIT,^PRST(455.5,
456,PAID PARAMETERS,^PRST(456,
457.1,TOUR OF DUTY,^PRST(457.1,
457.2,SPECIAL TOUR INDICATOR,^PRST(457.2,
457.3,TYPE OF TIME,^PRST(457.3,
457.4,TIME REMARKS,^PRST(457.4,
457.5,PAY ENTITLEMENT,^PRST(457.5,
457.6,ENVIRONMENTAL DIFFERENTIALS,^PRST(457.6,
458,TIME & ATTENDANCE RECORDS,^PRST(458,
458.1,LEAVE REQUESTS,^PRST(458.1,
458.2,OT/CT REQUESTS,^PRST(458.2,
458.3,ENVIRONMENTAL DIFF. REQUESTS,^PRST(458.3,
458.4,PT PHYSICIAN EXTENDED ABSENCE,^PRST(458.4,
458.5,PRIOR PP EXCEPTIONS,^PRST(458.5,
458.6,OVERTIME WARNINGS,^PRST(458.6,
458.7,PT PHYSICIAN MEMORANDUM,^PRST(458.7,
458.8,RECESS TRACKING,^PRST(458.8,
459,PAID PAYRUN DATA,^PRST(459,
470,PATIENT FUNDS,^PRPF(470,
470.1,PATIENT FUNDS MASTER TRANSACTION,^PRPF(470.1,
470.2,PATIENT FUNDS FORMS,^PRPF(470.2,
470.3,PATIENT FUNDS TRANSACTION COUNTER,^PRPF(470.3,
470.4,PATIENT FUNDS CONVERSION DISCREPANCY,^PRPF(470.4,
470.5,PATIENT FUNDS TEMPORARY TRANSACTION,^PRPFT(470.5,
470.6,PATIENT FUNDS REMARKS CODE,^PRPF(470.6,
470.9,PATIENT FUNDS ARCHIVE HISTORY,^PRPF(470.9,
538,UTILIZATION MANAGEMENT ROLLUP,^IBQ(538,
550,CMOP SYSTEM,^PSX(550,
550.1,CMOP RX QUEUE,^PSX(550.1,
550.2,CMOP TRANSMISSION,^PSX(550.2,
552,CMOP NATIONAL SITE,^PSX(552,
552.1,CMOP REFERENCE,^PSX(552.1,
552.2,CMOP DATABASE,^PSX(552.2,
552.3,CMOP RELEASE,^PSX(552.3,
552.4,CMOP MASTER DATABASE,^PSX(552.4,
552.5,CMOP COST STATS,^PSX(552.5,
553,CMOP INTERFACE,^PSX(553,
553.1,CMOP QUERY,^PSX(553.1,
554,CMOP OPERATIONS,^PSX(554,
555,CMOP MASTER DATABASE ARCHIVE,^PSXARC(
577,VDEF EVENT DESCRIPTION,^VDEFHL7(577,
577.4,VDEF EVENT SUBTYPES,^VDEFHL7(577.4
579.1,VDEF REQUESTOR,^VDEFHL7(579.1
579.2,VDEF DESTINATION,^VDEFHL7(579.2
579.3,VDEF REQUEST QUEUE,^VDEFHL7(579.3
579.5,VDEF PARAMETERS,^VDEFHL7(579.5
579.6,VDEF CUSTODIAL PACKAGE,^VDEFHL7(579.6
600.7,CRISIS NOTE DISPLAY,"^YSG("CNT","
601,MH INSTRUMENT,^YTT(601,
601.2,PSYCH INSTRUMENT PATIENT,^YTD(601.2,
601.3,COPYRIGHT HOLDER,^YTT(601.3,
601.4,INCOMPLETE PSYCH TEST PATIENT,^YTD(601.4,
601.6,MH MULTIPLE SCORING,^YTT(601.6,
601.71,MH TESTS AND SURVEYS,^YTT(601.71,
601.72,MH QUESTIONS,^YTT(601.72,
601.73,MH INTRODUCTIONS,^YTT(601.73,
601.74,MH RESPONSE TYPES,^YTT(601.74,
601.75,MH CHOICES,^YTT(601.75,
601.751,MH CHOICETYPES,^YTT(601.751,
601.76,MH INSTRUMENT CONTENT,^YTT(601.76,
601.77,MH BATTERIES,^YTT(601.77,
601.78,MH BATTERY CONTENTS,^YTT(601.78,
601.781,MH BATTERY USERS,^YTT(601.781,
601.79,MH SKIPPED QUESTIONS,^YTT(601.79,
601.81,MH SECTIONS,^YTT(601.81,
601.82,MH RULES,^YTT(601.82,
601.83,MH INSTRUMENTRULES,^YTT(601.83,
601.84,MH ADMINISTRATIONS,^YTT(601.84,
601.85,MH ANSWERS,^YTT(601.85,
601.86,MH SCALEGROUPS,^YTT(601.86,
601.87,MH SCALES,^YTT(601.87,
601.88,MH DISPLAY,^YTT(601.88,
601.89,MH CHOICEIDENTIFIERS,^YTT(601.89,
601.91,MH SCORING KEYS,^YTT(601.91,
601.92,MH RESULTS,^YTT(601.92,
601.93,MH REPORT,^YTT(601.93,
601.94,MH CR SCRATCH,^YTT(601.94,
602,MENTAL HEALTH SITE PARAMETERS,^YSA(602,
603.01,CLOZAPINE PATIENT LIST,^YSCL(603.01,
603.02,CLOZAPINE LAB TEST,^YSCL(603.02,
603.03,CLOZAPINE PARAMETERS,^YSCL(603.03,
603.04,CLOZAPINE TESTS,^YSCL(603.04,
604,ADDICTION SEVERITY INDEX,^YSTX(604,
604.26,ASI PROGRAM TYPE,^YSTX(604.26,
604.3,ASI LEGAL CODE,^YSTX(604.3,
604.4,ASI LIVING ARRANGEMENTS,^YSTX(604.4,
604.45,ASI PATIENT RATING SCALE,^YSTX(604.45,
604.48,ASI ROUTE OF ADMINISTRATION,^YSTX(604.48,
604.5,ASI FAMILY HX CODES,^YSTX(604.5,
604.55,ASI FOLLOW UP,^YSTX(604.55,
604.66,ASI QUICK FORM,^YSTX(604.66,
604.68,ASI NARRATIVE,^YSTX(604.68,
604.77,ASI SUBSTANCE CODE,^YSTX(604.77,
604.8,ASI PARAMETERS,^YSTX(604.8,
605,MH TEXT,^YTX(
615,MH CLINICAL FILE,^YS(615,
615.2,SECLUSION/RESTRAINT,^YS(615.2,
615.5,S/R REASONS,^YSR(615.5,
615.6,S/R CATEGORY,^YSR(615.6,
615.7,S/R RELEASE CRITERIA,^YSR(615.7,
615.8,S/R ALTERNATIVES,^YSR(615.8,
615.9,S/R OBSERVATION CHECKLIST,^YSR(615.9,
617,MH WAIT LIST,"^YSG("WAIT","
618,MENTAL HEALTH CENSUS,"^YSG("CEN","
618.2,MENTAL HEALTH TEAM,"^YSG("SUB","
618.4,MENTAL HEALTH INPT,"^YSG("INP","
620,PROBLEM,^DIC(620,
624,JOB BANK,"^YSG("JOB","
625,INDICATOR,^DIC(625,
627,DSM3,^DIC(627,
627.5,DSM-III-R,^DIC(627.5,
627.7,DSM,^YSD(627.7,
627.8,DIAGNOSTIC RESULTS - MENTAL HEALTH,^YSD(627.8,
627.9,DSM MODIFIERS,^DIC(627.9,
627.99,DSM CONVERSION,^YSD(627.99,
628,YSEXPERT,^YS(628,
631,HBHC PATIENT,^HBHC(631,
631.1,HBHC REJECT/WITHDRAW REASON,^HBHC(631.1,
631.2,HBHC EXPRESSIVE COMMUNICATION,^HBHC(631.2,
631.3,HBHC RECEPTIVE COMMUNICATION,^HBHC(631.3,
631.4,HBHC PROVIDER,^HBHC(631.4,
631.5,HBHC TYPE OF VISIT,^HBHC(631.5,
631.6,HBHC CLINIC,^HBHC(631.6,
631.7,HBHC PERIOD OF SERVICE,^HBHC(631.7,
631.8,HBHC VALID STATE CODE,^HBHC(631.8,
631.9,HBHC SYSTEM PARAMETERS,^HBHC(631.9,
632,HBHC VISIT,^HBHC(632,
633,HBHC TEAM,^HBHC(633,
633.1,HBHC ERROR MESSAGES FOR VISITS,^HBHC(633.1,
633.2,HBHC MEDICAL FOSTER HOME,^HBHC(633.2,
634,HBHC TRANSMIT,^HBHC(634,
634.1,HBHC EVALUATION/ADMISSION ERROR(S),^HBHC(634.1,
634.2,HBHC VISIT ERROR(S),^HBHC(634.2,
634.3,HBHC DISCHARGE ERROR(S),^HBHC(634.3,
634.4,HBHC FORM 6 CORRECTIONS,^HBHC(634.4,
634.5,HBHC PSEUDO SSN ERROR(S),^HBHC(634.5,
634.6,HBHC TRANSMIT HISTORY,^HBHC(634.6,
634.7,HBHC MEDICAL FOSTER HOME ERROR(S),^HBHC(634.7,
650,SOCIAL WORK CASE,^SOWK(650,
650.1,SOCIAL WORK SITE PARAMETERS,^SOWK(650.1,
651,COST DISTRIBUTION CENTER,^SOWK(651,
652,RCH,^SOWK(652,
653,RESOURCES/REFERRALS,^SOWK(653,
655,SOCIAL WORK PATIENT,^SOWK(655,
655.2,SWS ASSESSMENT DATA BASE,^SOWK(655.2,
655.201,PSYCHO-SOCIAL PROBLEMS,^SOWK(655.201,
655.202,DIRECT SERVICE CATEGORIES,^SOWK(655.202,
655.203,PSYCHO-SOCIAL OUTCOMES,^SOWK(655.203,
656,SWS RESOURCES,^SOWK(656,
660,RECORD OF PROS APPLIANCE/REPAIR,^RMPR(660,
660.1,PROS RETURNED/CONDEMNED,^RMPR(660.1,
660.2,PROSTHETICS RE-ISSUE ITEM,^RMPR(660.2,
661,PROS ITEM MASTER,^RMPR(661,
661.1,PROSTHETIC HCPCS,^RMPR(661.1,
661.11,PROSTHETICS HCPCS ITEM MASTER FILE,^RMPR(661.11,
661.2,PROS STOCK ITEM RECORD,^RMPR(661.2,
661.3,PROS ITEM LOCATION,^RMPR(661.3,
661.4,HCPCS INVENTORY,^RMPR(661.4,
661.41,HCPCS INVENTORY ORDER AND REORDER,^RMPR(661.41,
661.5,PROSTHETIC STOCK LOCATION,^RMPR(661.5,
661.6,PROSTHETIC INVENTORY TRANSACTION,^RMPR(661.6,
661.63,PROSTHETIC TRANSACTION PATIENT ISSUE,^RMPR(661.63,
661.69,PROSTHETIC INVENTORY GAIN/LOSS,^RMPR(661.69,
661.7,PROSTHETIC CURRENT STOCK,^RMPR(661.7,
661.8,VENDOR PRODUCT HCPCS MAP,^RMPR(661.8,
661.9,PROSTHETICS HCPCS RUNNING BALANCE,^RMPR(661.9,
662,PROS DISABILITY CODE,^RMPR(662,
663,PROS AMIS CODES,^RMPR(663,
663.2,ACTIVITIES NEW/REPAIR WORKSHEET TOTALS,^RMPRA(663.2,
663.3,PROSTHETIC DISABILITY WORKSHEET,^RMPRA(663.3,
663.4,PROSTHETIC APPOINTMENT WORKSHEET,^RMPRA(663.4,
664,PROSTHETICS 1358,^RMPR(664,
664.1,PROSTHETIC 2529-3,^RMPR(664.1,
664.2,PROSTHETIC WORK ORDER,^RMPR(664.2,
664.3,PROSTHETIC LAB HOURS DATE,^RMPR(664.3,
664.4,PROS LABORATORY/RESTORATIONS WORKSHEET,^RMPRA(664.4,
665,PROSTHETICS PATIENT,^RMPR(665,
665.1,PROSTHETIC HOME/LIAISON VISITS,^RMPR(665.1,
665.2,PROS LETTER,^RMPR(665.2,
665.4,PROS LETTER TRANSACTION FILE,^RMPR(665.4,
665.72,HOME OXYGEN TRANSACTIONS FILE,^RMPO(665.72,
667,VEHICLE OF RECORD,^RMPR(667,
667.1,PROS AUTO-ADAPTIVE EQUIP,^RMPR(667.1,
667.2,AUTO-ADAPTIVE MANUFACTURER,^RMPR(667.2,
667.3,V.O.R. TRANSACTION,^RMPR(667.3,
668,PROSTHETIC SUSPENSE,^RMPR(668,
669.1,PROSTHETIC LAB W.O #,^RMPR(669.1,
669.9,PROSTHETICS SITE PARAMETERS,^RMPR(669.9,
680,LOCAL SERIALS,^LBRY(680,
680.1,PUBLISHER,^LBRY(680.1,
680.2,FREQUENCY,^LBRY(680.2,
680.3,SUBJECT,^LBRY(680.3,
680.4,NAME,^LBRY(680.4,
680.5,TITLE AUTHORITY,^LBRY(680.5,
680.6,LIBRARY PARAMETERS,^LBRY(680.6,
680.7,LBRY ITEM PLACEMENT LOCATION,^LBRY(680.7,
680.8,INDEXING SOURCES,^LBRY(680.8,
680.9,PREDICTION PATTERN,^LBRY(680.9,
681,LBRY DISPOSITION,^LBRY(681,
681.1,COUNTRY OF PUBLICATION,^LBRY(681.1,
682,LBRY ISSUE,^LBRY(682,
682.1,LIBRARY TRANSACTIONS,^LBRY(682.1,
690,MEDICAL PATIENT,^MCAR(690,
690.1,MEDICINE PACKAGE PARAMETERS,^MCAR(690.1,
690.2,MEDICINE VIEW,^MCAR(690.2,
690.5,ASTM,^MCAR(690.5,
690.7,Instrument HL7 Coding,^MCAR(690.7,
690.97,MCQ POLLING,^MCAR(690.97,
690.99,*NEW PERSON CONVERSION,^MCAR(690.99,
691,ECHO,^MCAR(691,
691.1,CARDIAC CATHETERIZATION,^MCAR(691.1,
691.5,ELECTROCARDIOGRAM (EKG),^MCAR(691.5,
691.6,HOLTER,^MCAR(691.6,
691.7,EXERCISE TOLERANCE TEST,^MCAR(691.7,
691.8,ELECTROPHYSIOLOGY (EP),^MCAR(691.8,
691.9,ATRIAL STUDY,^MCAR(691.9,
692,VENTRICULAR STUDY,^MCAR(692,
693,MEDICAL DESCRIPTION,^MCAR(693,
693.2,INTERPRETATION,^MCAR(693.2,
693.3,ECG INTERPRETATION,^MCAR(693.3,
693.5,RECORDING SITE,^MCAR(693.5,
693.6,EP INTERVENTION,^MCAR(693.6,
694,HEMATOLOGY,^MCAR(694,
694.1,INDICATION,^MCAR(694.1,
694.5,CARDIAC SURGERY RISK ASSESSMENT,^MCAR(694.5,
694.8,PROCEDURE TERM,^MCAR(694.8,
695,MEDICATION,^MCAR(695,
695.1,REGIONAL WALL MOTION,^MCAR(695.1,
695.3,CATH PROCEDURE,^MCAR(695.3,
695.4,PAST HISTORY AND RISK FACTOR,^MCAR(695.4,
695.5,SYMPTOM,^MCAR(695.5,
695.6,HEART CATHETER,^MCAR(695.6,
695.8,REASON (MEDICINE),^MCAR(695.8,
695.9,NORMALITY OF CORONARY VESSEL,^MCAR(695.9,
696,SEGMENT OF CORONARY ARTERIES,^MCAR(696,
696.1,PERCENTAGE LESION,^MCAR(696.1,
696.2,LESION MORPHOLOGY,^MCAR(696.2,
696.3,MORPHOLOGY OF DISTAL VESSEL,^MCAR(696.3,
696.4,BYPASS GRAFT SEGMENT,^MCAR(696.4,
696.5,LEFT VENTRICULOGRAPHY,^MCAR(696.5,
696.7,MITRAL REGURG ON LV GRAM,^MCAR(696.7,
696.9,COMPLICATION,^MCAR(696.9,
697,ANATOMY,^MCAR(697,
697.1,REFERRING PHYSICIAN/AGENCY,^MCAR(697.1,
697.2,PROCEDURE/SUBSPECIALTY,^MCAR(697.2,
697.3,MEDICINE SCREEN (USER),^MCAR(697.3,
697.5,MEDICAL DIAGNOSIS/ICD CODES,^MCAR(697.5,
698,GENERATOR IMPLANT,^MCAR(698,
698.1,V LEAD IMPLANT,^MCAR(698.1,
698.2,A LEAD IMPLANT,^MCAR(698.2,
698.3,PACEMAKER SURVEILLANCE,^MCAR(698.3,
698.4,PACEMAKER EQUIPMENT,^MCAR(698.4,
698.6,PACEMAKER MANUFACTURER,^MCAR(698.6,
698.9,NON-MAGNET ECG RHYTHM,^MCAR(698.9,
699,ENDOSCOPY/CONSULT,^MCAR(699,
699.48,INSTRUMENT,^MCAR(699.48,
699.5,GENERALIZED PROCEDURE/CONSULT,^MCAR(699.5,
699.55,GROSS,^MCAR(699.55,
699.57,MODIFIER,^MCAR(699.57,
699.6,DIAG/THERAP INTERVENT,^MCAR(699.6,
699.7,ENDOSCOPIC DEVICE,^MCAR(699.7,
699.81,RESULTS,^MCAR(699.81,
699.82,CONSULTATION TYPE,^MCAR(699.82,
699.83,LOCATION OF PAIN/PNEUMONIAS,^MCAR(699.83,
699.84,DISEASE EVALUATION,^MCAR(699.84,
699.85,FOLLOWUP DEVICE/THERAPY,^MCAR(699.85,
699.86,SURVEILLANCE,^MCAR(699.86,
699.88,NON-ENDOSCOPIC PROCEDURE,^MCAR(699.88,
700,PULMONARY FUNCTION TESTS,^MCAR(700,
700.1,PFT PREDICTED VALUES,^MCAR(700.1,
700.2,PFT FORMULA,^MCAR(700.2,
700.5,MEDICINE AUTO INSTRUMENT INTERFACE SUMMARY,^MCAR(700.5,
701,RHEUMATOLOGY,^MCAR(701,
702,CP TRANSACTION,^MDD(702,
702.001,CP_TRANSACTION_TIU_HISTORY,^MDD(702.001,
702.01,CP DEFINITION,^MDS(702.01,
702.09,CP INSTRUMENT,^MDS(702.09,
703.1,CP RESULT REPORT,^MDD(703.1,
703.9,CP CONVERSION,^MDD(703.9,
704.001,CP_CONSOLE_ACL,^MDC(704.001,
704.002,CP_HL7_LOG,^MDC(704.002,
704.004,CP_HL7_LOG_REASON,^MDC(704.004,
704.005,CP_MOVEMENT_AUDIT,^MDC(704.005,
704.006,CP_PROTOCOL_LOCATION,^MDC(704.006,
704.007,CP_SHIFT,^MDC(704.007,
704.008,CP_SCHEDULE,^MDC(704.008,
704.101,TERM,^MDC(704.101,
704.102,TERM_TYPE,^MDC(704.102,
704.103,TERM_QUALIFIER_PAIR,^MDC(704.103,
704.104,TERM_UNIT_CONVERSION,^MDC(704.104,
704.105,TERM_UNIT_PAIR,^MDC(704.105,
704.106,TERM_CHILD_PAIR,^MDC(704.106,
704.107,TERM_RANGE_CHECK,^MDC(704.107,
704.108,TERM_MAPPING_TABLE,^MDC(704.108,
704.109,TERM_MAPPING_PAIR,^MDC(704.109,
704.111,OBS_VIEW,^MDC(704.111,
704.1111,OBS_VIEW_TERMINOLOGY,^MDC(704.1111,
704.1112,OBS_VIEW_FILTER,^MDC(704.1112,
704.112,OBS_FLOWSHEET,^MDC(704.112,
704.1121,OBS_FLOWSHEET_PAGE,^MDC(704.1121,
704.1122,OBS_FLOWSHEET_SUPP_PAGE,^MDC(704.1122,
704.1123,OBS_FLOWSHEET_TOTAL,^MDC(704.1123,
704.113,OBS_TOTAL,^MDC(704.113,
704.1131,OBS_TOTAL_TERMINOLOGY,^MDC(704.1131,
704.115,OBS_ALARM,^MDC(704.115,
704.116,OBS_SET,^MDC(704.116,
704.1161,OBS_SET_OBS_PAIR,^MDC(704.1161,
704.117,OBS,^MDC(704.117,
704.118,OBS_QUALIFIER,^MDC(704.118,
704.119,OBS_AUDIT,^MDC(704.119,
704.121,CP_KARDEX_ACTION,^MDC(704.121,
704.1211,CP_KARDEX_EVENTS,^MDC(704.1211,
704.1212,CP_KARDEX_AUDIT,^MDC(704.1212,
704.201,HEMODIALYSIS ACCESS POINTS,^MDK(704.201,
704.202,HEMODIALYSIS STUDY,^MDK(704.202,
704.209,HEMODIALYSIS SETTINGS,^MDK(704.209,
705,EDR EVENT,^EDR(705,
711,1010EZ MAPPING,^EAS(711,
712,1010EZ HOLDING,^EAS(712,
712.5,GMT THRESHOLDS,^EAS(712.5,
712.6,GMT MSA CODE,^EAS(712.6,
713,EAS MT PARAMETERS,^EAS(713,
713.1,EAS MT PATIENT STATUS,^EAS(713.1,
713.2,EAS MT LETTER STATUS,^EAS(713.2,
713.3,EAS MT LETTERS,^EAS(713.3,
714.1,LTC CO-PAY EXEMPTION,^EAS(714.1,
714.5,EAS LTC MONTHLY MAX CALCULATIONS,^EASPFS(714.5,
720,*EVENT CAPTURE PROCEDURE,^ECP(
720.1,EVENT CAPTURE LOG,^EC(720.1,
720.2,*EVENT CODE SCREENING,^ECK(
720.3,EC EVENT CODE SCREENS,^ECJ(
720.4,EC PROCEDURE REASON,^ECR(
720.5,EC EVENT CODE SCREENS/PROC REASON LINK,^ECL(
721,EVENT CAPTURE PATIENT,^ECH(
723,MEDICAL SPECIALTY,^ECC(723,
724,DSS UNIT,^ECD(
725,EC NATIONAL PROCEDURE,^EC(725,
726,EVENT CAPTURE CATEGORY,^EC(726,
727,DSS EXTRACT LOG,^ECX(727,
727.1,EXTRACT DEFINITIONS,^ECX(727.1,
727.2,DSS LAB TESTS,^ECX(727.2,
727.29,DSS LOINC FILE,^ECX(727.29,
727.3,DSS DIVISION IDENTIFIER,^ECX(727.3,
727.4,DSS WARD,^ECX(727.4,
727.5,DSS MH TESTS,^ECX(727.5,
727.7,LAB RESULTS TRANSLATION,^ECX(727.7,
727.802,ADMISSION EXTRACT,^ECX(727.802,
727.804,CLINIC NOSHOW EXTRACT,^ECX(727.804,
727.805,NURSING EXTRACT,^ECX(727.805,
727.806,DENTAL EXTRACT,^ECX(727.806,
727.808,PHYSICAL MOVEMENT EXTRACT,^ECX(727.808,
727.809,UNIT DOSE LOCAL EXTRACT,^ECX(727.809,
727.81,PRESCRIPTION EXTRACT,^ECX(727.81,
727.811,SURGERY EXTRACT,^ECX(727.811,
727.812,MENTAL HEALTH EXTRACT,^ECX(727.812,
727.813,LABORATORY EXTRACT,^ECX(727.813,
727.814,RADIOLOGY EXTRACT,^ECX(727.814,
727.815,EVENT CAPTURE LOCAL EXTRACT,^ECX(727.815,
727.816,CLINIC I EXTRACT,^ECX(727.816,
727.817,TREATING SPECIALTY CHANGE EXTRACT,^ECX(727.817,
727.818,CLINIC II EXTRACT,^ECX(727.818,
727.819,IV DETAIL EXTRACT,^ECX(727.819,
727.82,ADMISSION SETUP EXTRACT,^ECX(727.82,
727.821,PHYSICAL MOVEMENT SETUP EXTRACT,^ECX(727.821,
727.822,TREATING SPECIALTY CHANGE SETUP EXTRACT,^ECX(727.822,
727.823,PAI EXTRACT,^ECX(727.823,
727.824,LAB RESULTS EXTRACT,^ECX(727.824,
727.825,QUASAR EXTRACT,^ECX(727.825,
727.826,PROSTHETICS EXTRACT,^ECX(727.826,
727.827,CLINIC EXTRACT,^ECX(727.827,
727.829,BLOOD BANK EXTRACT,^ECX(727.829,
727.831,DSS TREATING SPECIALTY TRANSLATION,^ECX(727.831,
727.832,NUTRITION EXTRACT,^ECX(727.832,
727.833,BCMA EXTRACT,^ECX(727.833,
728,DSS EXTRACTS,^ECX(728,
728.113,IV EXTRACT DATA,^ECX(728.113,
728.44,CLINICS AND STOP CODES,^ECX(728.44,
728.441,NATIONAL CLINIC,^ECX(728.441,
728.45,DSS NUTRITION PRODUCT WORKSHEET,^ECX(728.45,
728.46,DSS NUTRITION DIVISION WORKSHEET,^ECX(728.46,
728.506,DSS DRUG PRODUCT CODE,^ECX(728.506,
728.904,UNIT DOSE EXTRACT DATA,^ECX(728.904,
729,DSS PRODUCTION UNIT,^ECX(729,
730,NATIONAL SERVICE,^ECC(730,
731,VAMC MANAGEMENT,^ECT(731,
731.5,VAMC PLANNED EQUIPMENT,^ECT(731.5,
731.7,VAMC STAFFING,^ECT(731.7,
740,QUALITY ASSURANCE SITE PARAMETERS,^QA(740,
740.1,AD HOC MACRO,^QA(740.1,
740.5,QA AUDIT,^QA(740.5,
741,QA OCCURRENCE SCREEN,^QA(741,
741.1,QA OCCURRENCE SCREEN CRITERIA,^QA(741.1,
741.2,QA OCCURRENCE REVIEW LEVEL,^QA(741.2,
741.3,*QA OCCURRENCE CLINICAL REVIEWER,^QA(741.3,
741.4,QA OCCURRENCE CLINICAL REFERRAL,^QA(741.4,
741.5,QA OCCURRENCE EXCEPTION,^QA(741.5,
741.6,QA OCCURRENCE FINDINGS,^QA(741.6,
741.7,QA OCCURRENCE ACTION,^QA(741.7,
741.8,QA OCCURRENCE SEVERITY OF OUTCOME,^QA(741.8,
741.9,QA OCCURRENCE TREATING SPECIALTY,^QA(741.9,
741.93,QA OCCURRENCE MEDICAL TEAM,^QA(741.93,
741.95,*QA OCCURRENCE NUMBER CASES SCREENED,^QA(741.95,
741.97,QA OCCURRENCE COMMITTEE,^QA(741.97,
741.99,QA OCCURRENCE AUTO RUN DATES,^QA(741.99,
742,QA PATIENT INCIDENT REVIEW,^QA(742,
742.1,QA INCIDENTS,^QA(742.1,
742.13,QA MEDICATION ERRORS,^QA(742.13,
742.14,QA COMPLICATIONS LEADING TO DEATH,^QA(742.14,
742.4,QA INCIDENT REPORT,^QA(742.4,
742.5,QA INCIDENT LOCATION,^QA(742.5,
742.6,QA INCIDENT SUMMARY,^QA(742.6,
743,QA MONITOR,^QA(743,
743.1,FALL OUT,^QA(743.1,
743.2,MONITOR HISTORY,^QA(743.2,
743.3,CONDITION,^QA(743.3,
743.4,DATA ELEMENT,^QA(743.4,
743.5,GROUP,^QA(743.5,
743.6,AUTO ENROLL RUN DATE,^QA(743.6,
743.91,RATIONALE,^QA(743.91,
743.92,TIME FRAME,^QA(743.92,
745.1,CONSUMER CONTACT,^QA(745.1,
745.2,CONTACT ISSUE CODE,^QA(745.2,
745.3,*QUALITY MATRIX,^QA(745.3,
745.4,CONGRESSIONAL OFFICE,^QA(745.4,
745.5,CONTACT DISCIPLINES,^QA(745.5,
745.55,QAC SERVICE/DISCIPLINE,^QA(745.55,
745.6,CUSTOMER SERVICE STANDARDS,^QA(745.6,
748,SURVEY,^QA(748,
748.2,DEMOGRAPHIC REFERENCE,^QA(748.2,
748.25,SURVEY QUESTIONS,^QA(748.25,
748.3,SURVEY RESPONSE DATA,^QA(748.3,
757,MAJOR CONCEPT MAP,^LEX(757,
757.001,CONCEPT USAGE,^LEX(757.001,
757.01,EXPRESSIONS,^LEX(757.01,
757.011,EXPRESSION TYPE,^LEX(757.011,
757.014,EXPRESSION FORM,^LEX(757.014,
757.02,CODES,^LEX(757.02,
757.03,CODING SYSTEMS,^LEX(757.03,
757.04,EXCLUDED WORDS,^LEX(757.04,
757.05,REPLACEMENT WORDS,^LEX(757.05,
757.06,UNRESOLVED NARRATIVES,^LEX(757.06,
757.1,SEMANTIC MAP,^LEX(757.1,
757.11,SEMANTIC CLASS,^LEX(757.11,
757.12,SEMANTIC TYPE,^LEX(757.12,
757.13,SOURCE CATEGORY,^LEX(757.13,
757.14,SOURCE,^LEX(757.14,
757.2,SUBSET DEFINITIONS,^LEXT(757.2,
757.21,SUBSETS,^LEX(757.21,
757.3,LOOK-UP SCREENS,^LEX(757.3,
757.31,DISPLAYS,^LEX(757.31,
757.32,MAPPING DEFINITIONS,^LEX(757.32,
757.33,MAPPINGS,^LEX(757.33,
757.4,SHORTCUTS,^LEX(757.4,
757.41,SHORTCUT CONTEXT,^LEX(757.41,
770,HL7 NON-DHCP APPLICATION PARAMETER,^HL(770,
771,HL7 APPLICATION PARAMETER,^HL(771,
771.1,HL7 FIELD,^HL(771.1,
771.2,HL7 MESSAGE TYPE,^HL(771.2,
771.3,HL7 SEGMENT TYPE,^HL(771.3,
771.4,HL7 DATA TYPE,^HL(771.4,
771.5,HL7 VERSION,^HL(771.5,
771.6,HL7 MESSAGE STATUS,^HL(771.6,
771.7,HL7 ERROR MESSAGE,^HL(771.7,
771.8,HL7 STANDARD,^HL(771.8,
771.9,HL7 DEGREE,^HL(771.9,
772,HL7 MESSAGE TEXT,^HL(772,
773,HL7 MESSAGE ADMINISTRATION,^HLMA(
774,SUBSCRIPTION CONTROL,^HLS(774,
776,HL7 MONITOR JOB,^HLEV(776,
776.1,HL7 MONITOR,^HLEV(776.1,
776.2,HL7 MONITOR MASTER JOB,^HLEV(776.2,
776.3,HL7 MONITOR EVENT TYPE,^HLEV(776.3,
776.4,HL7 MONITOR EVENT,^HLEV(776.4,
776.5,HL7 MONITOR EVENTS PROFILE,^HLEV(776.5,
776.999,HL7 MONITOR PARAMETERS,^HLEV(776.999,
777,HLO MESSAGE BODY,^HLA(
778,HLO MESSAGES,^HLB(
779.001,HL7 EVENT TYPE CODE,^HL(779.001,
779.002,HL7 ACKNOWLEDGEMENT CODE,^HL(779.002,
779.003,HL7 ACCEPT/APPLICATION ACK CONDITION,^HL(779.003,
779.004,COUNTRY CODE,^HL(779.004,
779.005,HL7 MESSAGE STRUCTURE CODE,^HL(779.005,
779.1,HLO SYSTEM PARAMETERS,^HLD(779.1,
779.11,HLO ERROR SCREENS,^HLD(779.11,
779.2,HLO APPLICATION REGISTRY,^HLD(779.2,
779.3,HLO PROCESS REGISTRY,^HLD(779.3,
779.4,HLO SUBSCRIPTION REGISTRY,^HLD(779.4,
779.5,HLO SEGMENT DEFINITIONS,^HLD(779.5,
779.9,HLO PRIORITY QUEUES,^HLD(779.9,
783,FUNCTIONAL INDEPENDENCE MEASUREMENT RECORD,^RMIM(783,
783.9,FUNCTIONAL INDEPENDENCE MEASUREMENT PARAMETER  ^RMIM(783.9,
785,EEO COMPLAINTS,^EEO(785,
785.1,EEO COMPLAINT BASIS,^EEO(785.1,
785.2,EEO CORRECTIVE ACTIONS,^EEO(785.2,
785.5,EEO INFORMAL COMPLAINTS,^EEO(785.5,
786,EEO COMPLAINT ISSUE CODES,^EEO(786,
787.5,EEO CENTRAL INVESTIGATORS,^EEO(787.5,
789.5,EEO SERVER PARAMETERS,^EEO(789.5,
790,WV PATIENT,^WV(790,
790.01,WV CASE MANAGER,^WV(790.01,
790.02,WV SITE PARAMETER,^WV(790.02,
790.03,WV PAP REGIMEN,^WV(790.03,
790.04,WV PAP REGIMEN LOG,^WV(790.04,
790.05,WV PREGNANCY LOG,^WV(790.05,
790.07,WV REFERRAL SOURCE,^WV(790.07,
790.08,WV LAB TESTS,^WV(790.08,
790.1,WV PROCEDURE,^WV(790.1,
790.2,WV PROCEDURE TYPE,^WV(790.2,
790.3,WV REFUSALS,^WV(790.3,
790.31,WV RESULTS/DIAGNOSIS,^WV(790.31,
790.32,WV DIAGNOSTIC CODE TRANSLATION,^WV(790.32,
790.4,WV NOTIFICATION,^WV(790.4,
790.403,WV NOTIFICATION TYPE,^WV(790.403,
790.404,WV NOTIFICATION PURPOSE,^WV(790.404,
790.405,WV NOTIFICATION OUTCOME,^WV(790.405,
790.5,WV CERVICAL TX NEED,^WV(790.5,
790.51,WV BREAST TX NEED,^WV(790.51,
790.6,WV LETTER,^WV(790.6,
790.71,WV SNAPSHOT REPORTS,^WV(790.71,
790.72,WV AGE RANGE DEFAULT,^WV(790.72,
798,ROR REGISTRY RECORD,^RORDATA(798,
798.1,ROR REGISTRY PARAMETERS,^ROR(798.1,
798.2,ROR SELECTION RULE,^ROR(798.2,
798.3,ROR PATIENT EVENTS,^RORDATA(798.3
798.4,ROR PATIENT,^RORDATA(798.4
798.6,ROR PHARMACY CODE,^ROR(798.6,
798.7,ROR LOG,^RORDATA(798.7
798.8,ROR TASK,^RORDATA(798.8
798.9,ROR LAB SEARCH,^ROR(798.9,
799.1,ROR LIST ITEM,^ROR(799.1,
799.2,ROR METADATA,^ROR(799.2,
799.31,ROR XML ITEM,^ROR(799.31,
799.33,ROR DATA AREA,^ROR(799.33,
799.34,ROR REPORT PARAMETERS,^ROR(799.34,
799.4,ROR HIV RECORD,^RORDATA(799.4
799.49,ROR AIDS INDICATOR DISEASE,^ROR(799.49,
799.51,ROR GENERIC DRUG,^ROR(799.51,
799.53,ROR LOCAL FIELD,^ROR(799.53,
799.6,ROR HISTORICAL DATA EXTRACTION,^RORDATA(799.6
800,CLINICAL REMINDER PARAMETERS,^PXRM(800,
801,REMINDER ORDERABLE ITEM GROUP,^PXD(801,
801.41,REMINDER DIALOG,^PXRMD(801.41,
801.42,REMINDER GUI PROCESS,^PXRMD(801.42,
801.43,REMINDER FINDING ITEM PARAMETER,^PXRMD(801.43,
801.45,REMINDER FINDING TYPE PARAMETER,^PXRMD(801.45,
801.5,REMINDER DIALOG PATIENT ASSOCIATION,^PXRMD(801.5,
801.55,REMINDER GEC DIALOG ASSOCIATION HISTORY,^PXRMD(801.55,
801.9,REMINDER RESOLUTION STATUS,^PXRMD(801.9,
801.95,HEALTH FACTOR RESOLUTION,^PXRMD(801.95,
802.4,REMINDER FUNCTION FINDING FUNCTIONS,^PXRMD(802.4,
810.1,REMINDER REPORT TEMPLATE,^PXRMPT(810.1,
810.2,REMINDER EXTRACT DEFINITION,^PXRM(810.2,
810.3,REMINDER EXTRACT SUMMARY,^PXRMXT(810.3,
810.4,REMINDER LIST RULE,^PXRM(810.4,
810.5,REMINDER PATIENT LIST,^PXRMXP(810.5,
810.7,REMINDER EXTRACT COUNTING RULE,^PXRM(810.7,
810.8,REMINDER COUNTING GROUP,^PXRM(810.8,
810.9,REMINDER LOCATION LIST,^PXRMD(810.9,
811.1,PCE CODE MAPPING,^PXD(811.1,
811.2,REMINDER TAXONOMY,^PXD(811.2,
811.3,EXPANDED TAXONOMIES,^PXD(811.3,
811.4,REMINDER COMPUTED FINDINGS,^PXRMD(811.4,
811.5,REMINDER TERM,^PXRMD(811.5,
811.6,REMINDER SPONSOR,^PXRMD(811.6,
811.7,REMINDER CATEGORY,^PXRMD(811.7,
811.8,REMINDER EXCHANGE,^PXD(811.8,
811.9,REMINDER DEFINITION,^PXD(811.9,
812,PCE CUSTOMIZE REPORT,^PXD(812,
815,PCE PARAMETERS,^PX(815,
839.01,PCE DEVICE INTERFACE MODULE ERRORS,^PX(839.01,
839.7,PCE DATA SOURCE,^PX(839.7,
860.1,ORDER CHECK PATIENT ACTIVE DATA,^OCXD(860.1,
860.2,ORDER CHECK RULE,^OCXS(860.2,
860.3,ORDER CHECK ELEMENT,^OCXS(860.3,
860.4,ORDER CHECK DATA FIELD,^OCXS(860.4,
860.5,ORDER CHECK DATA SOURCE,^OCXS(860.5,
860.6,ORDER CHECK DATA CONTEXT,^OCXS(860.6,
860.7,ORDER CHECK PATIENT RULE EVENT,^OCXD(860.7,
860.8,ORDER CHECK COMPILER FUNCTIONS,^OCXS(860.8,
860.9,ORDER CHECK NATIONAL TERM,^OCXS(860.9,
861,ORDER CHECK RAW DATA LOG,^OCXD(861,
863,OCX MDD CLASS,^OCXS(863,
863.1,OCX MDD APPLICATION,^OCXS(863.1,
863.2,OCX MDD SUBJECT,^OCXS(863.2,
863.3,OCX MDD LINK,^OCXS(863.3,
863.4,OCX MDD ATTRIBUTE,^OCXS(863.4,
863.5,OCX MDD VALUES,^OCXS(863.5,
863.6,OCX MDD METHOD,^OCXS(863.6,
863.7,OCX MDD PUBLIC FUNCTION,^OCXS(863.7,
863.8,OCX MDD PARAMETER,^OCXS(863.8,
863.9,OCX MDD CONDITION/FUNCTION,^OCXS(863.9,
864,OCX MDD SITE PREFERENCES,^OCXS(864,
864.1,OCX MDD DATATYPE,^OCXS(864.1,
869.1,HL LOWER LEVEL PROTOCOL TYPE,^HLCS(869.1,
869.2,HL LOWER LEVEL PROTOCOL PARAMETER,^HLCS(869.2,
869.3,HL COMMUNICATION SERVER PARAMETERS,^HLCS(869.3,
870,HL LOGICAL LINK,^HLCS(870,
910,ESP MASTER NAME INDEX,^ESP(910,
910.1,ESP ACTIVITY REPORT,^ESP(910.1,
910.2,ESP POLICE REGISTRATION LOG,^ESP(910.2,
910.7,ESP SELECTABLES,^ESP(910.7,
910.8,ESP EVIDENCE,^ESP(910.8,
911,ESP ACTIVITY CODES,^ESP(911,
911.2,ESP DISPOSITION CODES,^ESP(911.2,
912,ESP OFFENSE REPORT,^ESP(912,
912.3,ESP CRIME DATA-BY-FACILITY,^ESP(912.3,
912.4,ESP CRIME DATA,^ESP(912.4,
912.5,ESP POLICE TRAINING,^ESP(912.5,
912.7,ESP CRIME CATEGORIES,^ESP(912.7,
912.8,ESP CRIME TYPES,^ESP(912.8,
912.9,ESP CRIME SUB-TYPES,^ESP(912.9,
913,ESP WANTS & WARRANTS,^ESP(913,
914,ESP VIOLATIONS,^ESP(914,
915,ESP OFFENSE CODES,^ESP(915,
916,ESP DAILY JOURNAL,^ESP(916,
950,XML ENTITY CATALOG,^MXML(950,
984.1,MASTER PATIENT INDEX (LOCAL NUMBERS),^MPIF(984.1,
984.5,MPI CHECKDIGIT,^MPIF(984.5,
984.8,MPI ICN BUILD MANAGEMENT,^MPIF(984.8,
984.9,MPIF CMOR REQUEST,^MPIF(984.9,
987.5,WII ADMISSIONS DISCHARGES,^WII(987.5,
987.6,WII PARAMETERS,^WII(987.6,
990.8,CIRN REPOSITORY SITE PARAMETER,"^RGSITE("COR","
991.1,CIRN HL7 EXCEPTION LOG,^RGHL7(991.1,
991.11,CIRN HL7 EXCEPTION TYPE,^RGHL7(991.11,
991.8,CIRN SITE PARAMETER,^RGSITE(991.8,
995,CIRN EVENT ASSOCIATION,^RGEQASN(
995.1,CIRN EVENT EXCEPTION,^RGEQEXC(
995.2,CIRN EVENT STATISTICS,^RGSTAT(995.2,
2005,IMAGE,^MAG(2005,
2005.001,IMAGING STUDY,^MAG(2005.001,
2005.02,OBJECT TYPE,^MAG(2005.02,
2005.021,IMAGE FILE TYPES,^MAG(2005.021,
2005.03,PARENT DATA FILE,^MAG(2005.03,
2005.1,IMAGE AUDIT,^MAG(2005.1,
2005.2,NETWORK LOCATION,^MAG(2005.2,
2005.4,IMAGE HISTOLOGICAL STAIN,^MAG(2005.4,
2005.41,MICROSCOPIC OBJECTIVE,^MAG(2005.41,
2005.71,IMAGING DICOM FIELDS,^MAG(2005.71,
2005.81,MAG DESCRIPTIVE CATEGORIES,^MAG(2005.81,
2005.82,IMAGE INDEX FOR CLASS,^MAG(2005.82,
2005.83,IMAGE INDEX FOR TYPES,^MAG(2005.83,
2005.84,IMAGE INDEX FOR SPECIALTY/SUBSPECIALTY,^MAG(2005.84,
2005.85,IMAGE INDEX FOR PROCEDURE/EVENT,^MAG(2005.85,
2005.86,IMAGE ACTIONS,^MAG(2005.86,
2005.87,IMAGE LIST FILTERS,^MAG(2005.87,
2005.872,DICOM INDEX MAPPING,^MAG(2005.872,
2005.88,MAG REASON,^MAG(2005.88,
2005.99,IMAGE INDEX FOR BODY PART,^MAG(2005.99,
2006.03,IMAGE BACKGROUND QUEUE,^MAGQUEUE(2006
2006.031,IMAGE BACKGROUND QUEUE POINTER,^MAGQUEUE(2006
2006.033,OFFLINE IMAGES,^MAGQUEUE(2006
2006.034,IMPORT QUEUE,^MAG(2006.034,
2006.035,SEND QUEUE,^MAGQUEUE(2006
2006.036,ROUTING STATISTICS,^MAGQUEUE(2006
2006.04,ACQUISITION DEVICE,^MAG(2006.04,
2006.041,ACQUISITION SESSION FILE,^MAG(2006.041,
2006.1,IMAGING SITE PARAMETERS,^MAG(2006.1,
2006.15,DICOM UID ROOT,^MAGD(2006.15,
2006.17,MUSE VERSIONS,^MAG(2006.17,
2006.18,IMAGING USER PREFERENCE,^MAG(2006.18,
2006.19,IMAGING USERS,^MAG(2006.19,
2006.5,PACS MESSAGE,^MAGDHL7(2006.
2006.51,DICOM DATA ELEMENT DICTIONARY,^MAGDICOM(2006
2006.511,DIAGNOSTIC INFO FIELD,^MAGDICOM(2006
2006.52,DICOM MESSAGE TEMPLATE DICTIONARY,^MAGDICOM(2006
2006.53,DICOM UID DICTIONARY,^MAGDICOM(2006
2006.531,EXTENDED SOP NEGOTIATION,^MAGDICOM(2006
2006.532,DICOM SOP CLASS,^MAG(2006.532,
2006.539,DICOM UID SPECIFIC ACTION,^MAGDICOM(2006
2006.54,PDU TYPE,^MAGDICOM(2006
2006.55,DICOM WORKLIST PATIENT,^MAGDWLST(2006
2006.56,DICOM WORKLIST STUDY,^MAGDWLST(2006
2006.563,DICOM GATEWAY PARAMETER,^MAGDICOM(2006
2006.564,DICOM QUEUE,^MAGDICOM(2006
2006.5641,DICOM GATEWAY MACHINE ID,^MAGDICOM(2006
2006.565,EXPORT DICOM RUN,^MAGDICOM(2006
2006.57,DICOM HL7 SEGMENT,^MAGDICOM(2006
2006.571,DICOM RAW IMAGE,^MAGDINPT(2006
2006.5711,DICOM M2MB RPC QUEUE,^MAGDINPT(2006
2006.5712,DICOM FIXED QUEUE,^MAGDINPT(2006
2006.5713,DICOM UNKNOWN MODALITY,^MAGDINPT(2006
2006.5714,DICOM INCOMPLETE OBJECT,^MAGDINPT(2006
2006.5715,CURRENT IMAGE,^MAGD(2006.571
2006.5719,DICOM ERROR LOG,^MAGDINPT(2006
2006.572,EXAMINATION COMPLETE,^MAGDINPT(2006
2006.573,GE PACS QUERY/RETRIEVE,^MAGDGEQR(2006
2006.5732,DICOM QUERY RETRIEVE RESULT,^MAGDQR(2006.5
2006.5733,QUERY/RETRIEVE STATISTICS,^MAGDAUDT(2006
2006.574,DICOM IMAGE OUTPUT,^MAGDOUTP(2006
2006.575,DICOM FAILED IMAGES,^MAGD(2006.575
2006.5751,DICOM OBJECTS TO BE IMPORTED,^MAGDICOM(2006
2006.5752,IMPORTABLE DICOM OBJECTS,^MAGD(2006.575
2006.5757,DICOM RADIOLOGY PROCEDURE MODIFIERS,^MAGDICOM(2006
2006.5758,DICOM RADIOLOGY PROCEDURES,^MAGDICOM(2006
2006.5759,OUTSIDE IMAGING LOCATION,^MAGD(2006.575
2006.5761,DICOM MESSAGE STATISTISTICS,^MAGDAUDT(2006
2006.5762,DICOM INSTRUMENT STATISTICS,^MAGDAUDT(2006
2006.5763,DICOM PACS STATISTICS,^MAGDAUDT(2006
2006.5764,DICOM LOCAL INSTRUMENT STATISTICS,^MAGDICOM(2006
2006.577,DICOM FIFO QUEUE,^MAGDICOM(2006
2006.58,DICOM LOG,^MAGDMLOG(
2006.581,INSTRUMENT DICTIONARY,^MAGDICOM(2006
2006.582,MODALITY TYPE DICTIONARY,^MAGDICOM(2006
2006.5821,CT CONVERSION PARAMETERS,^MAGDICOM(2006
2006.583,MODALITY WORKLIST DICTIONARY,^MAGDICOM(2006
2006.5831,DICOM HEALTHCARE PROVIDER SERVICE,^MAG(2006.5831
2006.5839,DICOM GMRC TEMP LIST,^MAG(2006.5839
2006.584,TCP/IP PROVIDER PORT LIST,^MAGDICOM(2006
2006.5841,TELEREADER ACQUISITION SERVICE,^MAG(2006.5841
2006.5842,TELEREADER ACQUISITION SITE,^MAG(2006.5842
2006.5843,TELEREADER READER,^MAG(2006.5843
2006.5849,TELEREADER READ/UNREAD LIST,^MAG(2006.5849
2006.585,USER APPLICATION,^MAGDICOM(2006
2006.586,PROVIDER APPLICATION,^MAGDICOM(2006
2006.587,DICOM TRANSMIT DESTINATION,^MAG(2006.587,
2006.588,APPLICATION ENTITY TITLE,^MAGDICOM(2006
2006.59,ROUTING RULE,^MAGDICOM(2006
2006.5906,ROUTE LOAD BALANCE,^MAGRT(2006.59
2006.596,ACTION QUEUE STATUS,^MAGDICOM(2006
2006.598,DICOM ERROR MESSAGE QUEUE,^MAGDICOM(2006
2006.599,DICOM Error Log,^MAGD(2006.599
2006.621,MAG CT PARAMETER,^MAG(2006.621,
2006.623,MAG CR PARAMETER,^MAG(2006.623,
2006.63,MAG RAD LIST DATA ELEMENTS,^MAG(2006.63,
2006.631,MAG RAD LISTS DEFINITION,^MAG(2006.631,
2006.634,MAGJ ZLIST SEARCH,^MAG(2006.634,
2006.65,MAG RAD PRIOR EXAMS LOGIC,^MAG(2006.65,
2006.67,MAG RAD CPT MATCHING,^MAG(2006.67,
2006.671,MAG RAD BODY PART,^MAG(2006.671,
2006.672,MAG RAD BODY REGION,^MAG(2006.672,
2006.68,MAGJ USER DATA,^MAG(2006.68,
2006.69,MAG VISTARAD SITE PARAMETERS,^MAG(2006.69,
2006.8,BP SERVERS,^MAG(2006.8,
2006.81,IMAGING WINDOWS WORKSTATIONS,^MAG(2006.81,
2006.82,IMAGING WINDOWS SESSIONS,^MAG(2006.82,
2006.95,IMAGE ACCESS LOG,^MAG(2006.95,
2006.96,IMAGE INDEX CONVERSION,^MAGIXCVT(2006
2006.961,MULTI IMAGE PRINT,^MAG(2006.961,
2040,VIST ROSTER,^ANRV(2040,
2041,VIST PARAMETERS,^ANRV(2041,
2041.5,VIST EYE DIAGNOSIS,^ANRV(2041.5,
2041.6,VIST CHECKLIST OPTIONS,^ANRV(2041.6,
2041.7,VIST BENEFITS AND SERVICES CHECKLIST,^ANRV(2041.7,
2042,VIST REFERRAL FACILITY,^ANRV(2042,
2042.5,VIST REFERRAL ROSTER,^ANRV(2042.5,
2043,VIST LETTER,^ANRV(2043,
2043.5,VARO CLAIMS,^ANRV(2043.5,
2044,VIST LOCAL BENEFITS AND SERVICES,^ANRV(2044,
2048,ANRV PATIENT REVIEW,^ANRV(2048,
2048.1,ANRV PATIENT REVIEW SECTIONS,^ANRV(2048.1,
2100,GENERIC CODE SHEET,^GECS(2100,
2100.1,GENERIC CODE SHEET STACK,^GECS(2100.1,
2101.1,GENERIC CODE SHEET BATCH TYPE,^GECS(2101.1,
2101.2,GENERIC CODE SHEET TRANSACTION TYPE/SEGMENT,^GECS(2101.2,
2101.3,GENERIC CODE SHEET TRANSMISSION RECORD,^GECS(2101.3,
2101.4,GENERIC CODE SHEET TEMPLATE MAPS (not used),^GECS(2101.4,
2101.5,GENERIC CODE SHEET COUNTER,^GECS(2101.5,
2101.6,GENERIC CODE SHEET LOCK,^GECS(2101.6,
2101.7,GENERIC CODE SHEET SITE,^GECS(2101.7,
2260,ASISTS ACCIDENT REPORTING,^OOPS(2260,
2261,ASISTS CHARACTERIZATION OF INJURY,^OOPS(2261,
2261.1,ASISTS DOL ANATOMICAL LOCATION CODES,^OOPS(2261.1,
2261.2,ASISTS CRITICAL TRACKING ISSUES,^OOPS(2261.2,
2261.21,ASISTS INCIDENT WEATHER FACTORS,^OOPS(2261.21,
2261.22,ASISTS INCIDENT SOURCE,^OOPS(2261.22,
2261.24,ASISTS PREVENTION METHODS,^OOPS(2261.24,
2261.3,ASISTS PERSONAL PROTECTIVE EQUIPMENT,^OOPS(2261.3,
2261.4,ASISTS SETTING OF INJURY,^OOPS(2261.4,
2261.5,ASISTS PURPOSE FOR USING SHARPS,^OOPS(2261.5,
2261.6,ASISTS OCCURRENCE OF SHARPS INJURY,^OOPS(2261.6,
2261.7,ASISTS DEVICE/EQUIPMENT,^OOPS(2261.7,
2261.8,ASISTS RESULTS,^OOPS(2261.8,
2261.9,ASISTS SAFETY CHARACTERISTICS,^OOPS(2261.9,
2262,ASISTS SITE PARAMETER,^OOPS(2262,
2262.1,ASISTS DOL DISTRICT OFFICE,^OOPS(2262.1,
2262.2,ASISTS DEVICE SIZE,^OOPS(2262.2,
2262.3,ASISTS NEEDLESTICK BRANDS,^OOPS(2262.3,
2262.4,ASISTS REASON FOR CONTROVERT,^OOPS(2262.4,
2262.5,ASISTS ADDITIONAL PAY TYPES,^OOPS(2262.5,
2262.6,ASISTS STANDARD INDUSTRIAL CLASS. (SIC),^OOPS(2262.6,
2262.7,ASISTS N.A. INDUSTRIAL CLASSIFICATION (NAICS)  ^OOPS(2262.7,
2262.8,ASISTS REASON FOR DISPUTE CODES,^OOPS(2262.8,
2263,ASISTS DOL TYPE OF INJURY CODES,^OOPS(2263,
2263.1,ASISTS DOL SOURCE OF INJURY CODES,^OOPS(2263.1,
2263.2,ASISTS DOL CAUSE OF INJURY CODES,^OOPS(2263.2,
2263.3,ASISTS DOL NATURE OF INJURY CODES,^OOPS(2263.3,
2263.5,ASISTS DOL PROVIDER TITLE,^OOPS(2263.5,
2263.6,ASISTS OWCP CHARGEBACK CODES,^OOPS(2263.6,
2263.7,ASISTS UNION INFORMATION,^OOPS(2263.7,
2263.8,ASISTS BODY PART GROUPINGS,^OOPS(2263.8,
2264,ASISTS COMPENSATION CLAIM (CA7),^OOPS(2264,
2275.3,MHV REQUEST TYPE,^MHV(2275.3,
2275.4,MHV RESPONSE MAP,^MHV(2275.4,
6000,VBECS SITE PARAMETERS,^VBEC(6000,
6001,VBECS DATA INTEGRITY/CONVERSION STATISTICS,^VBEC(6001,
6002.01,VBECS WORKLOAD CAPTURE,^VBEC(6002.01,
6002.03,VBECS DSS EXTRACT,^VBEC(6002.03,
6002.04,VBEC INTEGRITY,^VBEC(6002.04,
6003,VISTA BLOOD BANK RESTRICTED OPTIONS LIST,^VBEC(6003,
6005,VBECS MATCHING TABLE,^VBEC(6005,
6007,STANDARD VBECS DATA,^VBEC(6007,
6009,VBECS FILE & FIELD LEVEL SECURITY,^VBEC(6009,
6910,ENG INIT PARAMETERS,^DIC(6910,
6910.1,ENGINEERING COMPUTER PORT,^DIC(6910.1,
6910.2,ENG SOFTWARE OPTIONS,^ENG(6910.2,
6910.3,DIVISION,^ENG(6910.3,
6910.9,ENG DJ SCREEN,^ENG(6910.9,
6911,EQUIPMENT CATEGORY,^ENG(6911,
6912,MANUFACTURER LIST FILE,"^ENG("MFG","
6914,EQUIPMENT INV.,^ENG(6914,
6914.1,CMR,^ENG(6914.1,
6914.2,PM PROCEDURES,^ENG(6914.2,
6914.3,NX SGL,^ENG(6914.3,
6914.4,NX BOC,^ENG(6914.4,
6914.6,NX FUND,^ENG(6914.6,
6914.7,NX A/O,^ENG(6914.7,
6914.8,NX DISPOSITION METHOD,^ENG(6914.8,
6914.9,NATIONAL EIL,^ENG(6914.9,
6915.1,FAP DOCUMENT COUNTERS,^ENG(6915.1,
6915.11,AV REASON,^ENG(6915.11,
6915.2,FA DOCUMENT LOG,^ENG(6915.2,
6915.3,FB DOCUMENT LOG,^ENG(6915.3,
6915.4,FC DOCUMENT LOG,^ENG(6915.4,
6915.5,FD DOCUMENT LOG,^ENG(6915.5,
6915.6,FR DOCUMENT LOG,^ENG(6915.6,
6915.9,FAP BALANCES,^ENG(6915.9,
6916,BERS SURVEY,^ENGS(6916,
6916.2,HAND RECEIPT TEXT,^ENG(6916.2,
6916.3,IT ASSIGNMENT,^ENG(6916.3,
6917,CATEGORY STOCK NUMBER,^ENCSN(6917,
6918,Y2K CATEGORY LOG,^ENG(6918,
6918.1,UTILITY SYSTEMS,^ENG(6918.1,
6919,ENG ARCHIVE LOG,^ENG(6919,
6920,WORK ORDER #,^ENG(6920,
6920.1,NEW WORK ACTION,^ENG(6920.1,
6921,WORK CENTER CODE,^DIC(6921,
6922,ENGINEERING SECTION LIST,^DIC(6922,
6924,FSA-2162 REPORT,"^ENG("FSA","
6924.1,FSA-ACCIDENT ACTIVITY,^ENG(6924.1,
6924.2,FSA-ACCIDENT NATURE,^ENG(6924.2,
6924.3,FSA-DIVISION/SERVICE,^ENG(6924.3,
6925,CONSTRUCTION PROJECT,"^ENG("PROJ","
6925.2,PROJECT STATUS,^ENG(6925.2,
6925.3,PROJECT EPA CATEGORY,^ENG(6925.3,
6926,EMPLOYEE(KEYS),"^ENG("KEY","
6927,LOCKS,"^ENG("LK","
6928,ENG SPACE,"^ENG("SP","
6928.1,ENG SPACE FUNCTIONS,^ENG(6928.1,
6928.2,ENG SPACE UTILITIES,^ENG(6928.2,
6928.3,ENG BUILDING,^ENG(6928.3,
6929,ENG EMPLOYEE,"^ENG("EMP","
7100,NOIS CALL,"^FSCD("CALL","
7100.1,NOIS COUNTER,"^FSCD("COUNT","
7100.2,NOIS NOTIFICATION,^FSCD("NOTIFY"
7100.3,NOIS ALERT,"^FSCD("ALERT","
7100.4,NOIS SEND,"^FSCD("SEND","
7100.5,NOIS STATUS HISTORY,^FSCD("STATUS 
7100.6,NOIS CALL USER,^FSCD("CALL US
7100.7,NOIS WEB,"^FSCD("WEB","
7101,NOIS TEXT,"^FSCD("TEXT","
7101.1,NOIS MRE,"^FSCD("MRE","
7101.2,NOIS MRA,"^FSCD("MRA","
7101.3,NOIS MRU,"^FSCD("MRU","
7101.4,NOIS RESPONSE,^FSCD("RESPONS
7102,NOIS LIST,"^FSCD("LISTS","
7103,NOIS EVENTS,^FSCD("EVENTS"
7103.1,NOIS SCHEDULE,^FSCD("SCHEDUL
7103.2,NOIS RECURRING EVENTS,"^FSC("REVENT","
7103.3,NOIS EVENT TYPE,"^FSC("ETYPE","
7103.5,NOIS WORKLOAD,"^FSCD("WKLD","
7104,NOIS STU MESSAGE,^FSCD("STU MSG
7104.3,NOIS STU ALERT,^FSCD("STU ALE
7105.1,NOIS LOCATION,"^FSC("SITE","
7105.2,NOIS USER DEFAULTS,"^FSC("SPEC","
7105.3,NOIS OFFICE,"^FSC("ISC","
7105.4,NOIS MODULE/VERSION,"^FSC("MOD","
7105.5,NOIS PACKAGE,"^FSC("PACK","
7105.6,NOIS SUBCOMPONENT,"^FSC("SUB","
7105.7,NOIS LOCATION TYPE,"^FSC("LTYPE","
7105.8,NOIS WORK GROUP,"^FSC("PACKG","
7105.9,NOIS WORK GROUP TYPE,"^FSC("WGTYPE","
7106.1,NOIS STATUS,"^FSC("STATUS","
7106.2,NOIS PRIORITY,"^FSC("PRI","
7106.3,NOIS TASK,"^FSC("TASK","
7106.4,NOIS FUNCTIONAL AREA,"^FSC("FUNC","
7106.5,NOIS TIMEZONE,^FSC("TIMEZONE
7106.6,NOIS VISN,"^FSC("VISN","
7106.7,NOIS SYSTEM,"^FSC("SYSTEM","
7106.8,NOIS ENTRY PERSON TYPE,"^FSC("EPTYPE","
7107.1,NOIS LIST DEFINITION,"^FSC("LIST","
7107.2,NOIS FIELD,"^FSC("FLD","
7107.4,NOIS CONDITION,"^FSC("COND","
7107.5,NOIS REPORT,"^FSC("RPT","
7107.6,NOIS FORMAT,"^FSC("FORMAT","
7107.7,NOIS FORMAT TYPE,"^FSC("FTYPE","
7109,NOIS PARAMETER,"^FSC("PARAM","
7115.1,HDIS DOMAIN,^HDIS(7115.1,
7115.3,HDIS XML TEMPLATE,^HDIS(7115.3,
7115.5,HDIS STATUS,^HDIS(7115.5,
7115.6,HDIS FILE/FIELD,^HDIS(7115.6,
7118.11,HDIS TERM/CONCEPT VUID ASSOCIATION,^HDISV(7118.11
7118.21,HDIS SYSTEM,^HDISF(7118.21
7118.22,HDIS FACILITY TERM/CONCEPT ASSOCIATION,^HDISF(7118.22
7118.25,HDIS VUID IMPLEMENTATION STATUS,^HDISF(7118.25
7118.29,HDIS PARAMETER,^HDISF(7118.29
7335.7,REGULATORY AGENCY,^OFM(7335.7,
7336.3,OFM SPACE CLASSIFICATION,^OFM(7336.3,
7336.6,OFM H089 CHAPTERS,^OFM(7336.6,
7336.8,OFM PROJ CATEGORY,^OFM(7336.8,
7336.9,OFM BUDGET CATEGORY,^OFM(7336.9,
8925,TIU DOCUMENT,^TIU(8925,
8925.1,TIU DOCUMENT DEFINITION,^TIU(8925.1,
8925.2,TIU UPLOAD BUFFER,^TIU(8925.2,
8925.3,TIU UPLOAD ERROR DEFINITION,^TIU(8925.3,
8925.4,TIU UPLOAD LOG,^TIU(8925.4,
8925.5,TIU AUDIT TRAIL,^TIU(8925.5,
8925.6,TIU STATUS,^TIU(8925.6,
8925.7,TIU MULTIPLE SIGNATURE,^TIU(8925.7,
8925.8,TIU SEARCH CATEGORIES,^TIU(8925.8,
8925.9,TIU PROBLEM LINK,^TIU(8925.9,
8925.91,TIU EXTERNAL DATA LINK,^TIU(8925.91,
8925.93,TIU PRINT PARAMETERS,^TIU(8925.93,
8925.94,TIU DIVISION PRINT PARAMETERS,^TIU(8925.94,
8925.95,TIU DOCUMENT PARAMETERS,^TIU(8925.95,
8925.97,TIU CONVERSIONS,^TIU(8925.97,
8925.98,TIU PERSONAL DOCUMENT TYPE LIST,^TIU(8925.98,
8925.99,TIU PARAMETERS,^TIU(8925.99,
8926,TIU PERSONAL PREFERENCES,^TIU(8926,
8926.1,TIU VHA ENTERPRISE STANDARD TITLE,^TIU(8926.1,
8926.2,TIU LOINC SUBJECT MATTER DOMAIN,^TIU(8926.2,
8926.3,TIU LOINC ROLE,^TIU(8926.3,
8926.4,TIU LOINC SETTING,^TIU(8926.4,
8926.5,TIU LOINC SERVICE,^TIU(8926.5,
8926.6,TIU LOINC DOCUMENT TYPE,^TIU(8926.6,
8926.72,TIU LOINC SMD SYNONYMS,^TIU(8926.72,
8926.73,TIU LOINC ROLE SYNONYMS,^TIU(8926.73,
8926.74,TIU LOINC SETTING SYNONYMS,^TIU(8926.74,
8926.75,TIU LOINC SERVICE SYNONYMS,^TIU(8926.75,
8926.76,TIU LOINC DOCUMENT TYPE SYNONYMS,^TIU(8926.76,
8927,TIU TEMPLATE,^TIU(8927,
8927.1,TIU TEMPLATE FIELD,^TIU(8927.1,
8930,USR CLASS,^USR(8930,
8930.1,USR AUTHORIZATION/SUBSCRIPTION,^USR(8930.1,
8930.2,USR ROLE,^USR(8930.2,
8930.3,USR CLASS MEMBERSHIP,^USR(8930.3,
8930.4,USR SEARCH CATEGORIES,^USR(8930.4,
8930.6,USR RECORD STATUS,^USR(8930.6,
8930.8,USR ACTION,^USR(8930.8,
8932.1,PERSON CLASS,^USC(8932.1,
8932.2,PROGRAM OF STUDY,^USC(8932.2,
8935.91,XHD PARAMETER CATEGORY,^XHD(8935.91,
8970.1,SAGG PROJECT,^KMPS(8970.1,
8971.1,RESOURCE USAGE MONITOR,^KMPR(8971.1,
8972.1,CP CODE EVALUATOR,^KMPD(8972.1,
8972.3,CP DATA ELEMENTS,^KMPD(8972.3,
8973,CP PARAMETERS,^KMPD(8973,
8973.1,CM HL7 DATA,^KMPD(8973.1,
8973.2,CP TIMING,^KMPD(8973.2,
8980,KERMIT HOLDING,^DIZ(8980,
8980.2,PKI Digital Signatures,^XUSSPKI(8980.
8980.22,PKI CRL URLS,^XUSSPKI(8980.
8984.1,LOCAL KEYWORD,^XT(8984.1,
8984.2,LOCAL SHORTCUT,^XT(8984.2,
8984.3,LOCAL SYNONYM,^XT(8984.3,
8984.4,LOCAL LOOKUP,^XT(8984.4,
8985.1,XTID VUID FOR SET OF CODES,^XTID(8985.1,
8987.1,MSM RTHIST SITE,^XUCS(8987.1,
8987.2,MSM RTHIST REPORT DATA,^XUCS(8987.2,
8989.2,KERNEL PARAMETERS,^XTV(8989.2,
8989.3,KERNEL SYSTEM PARAMETERS,^XTV(8989.3,
8989.5,PARAMETERS,^XTV(8989.5,
8989.51,PARAMETER DEFINITION,^XTV(8989.51,
8989.518,PARAMETER ENTITY,^XTV(8989.518,
8989.52,PARAMETER TEMPLATE,^XTV(8989.52,
8991,XTV ROUTINE CHANGES,^XTV(8991,
8991.19,XTV VERIFICATION PACKAGE,^XTV(8991.19,
8991.2,XTV GLOBAL CHANGES,^XTV(8991.2,
8991.5,XQAB ERRORS LOGGED,^XTV(8991.5,
8992,ALERT,^XTV(8992,
8992.1,ALERT TRACKING,^XTV(8992.1,
8992.2,ALERT RECIPIENT TYPE,^XTV(8992.2,
8994,REMOTE PROCEDURE,^XWB(8994,
8994.1,RPC BROKER SITE PARAMETERS,^XWB(8994.1,
8994.5,REMOTE APPLICATION,^XWB(8994.5,
177100.12,CPRS MONITOR,^AWC(177100.12
177100.13,CPRS MONITOR DATA,^AWC(177100.13
503330,VOLUNTARY MASTER,^ABS(503330,
503330.1,VOLUNTARY TEMPORARY LOG,^ABS(503330.1,
503330.2,VOLUNTARY MEAL TICKET,^ABS(503330.2,
503331,VOLUNTEER DAILY TIME,^ABS(503331,
503332,VOLUNTARY SERVICE ASSIGNMENT CODES,^ABS(503332,
503333,VOLUNTEER'S SCHEDULED WORKDAYS,^ABS(503333,
503334,VOLUNTEER ORGANIZATION CODES,^ABS(503334,
503334.1,VOLUNTARY ORGANIZATION NATIONAL OFFICIAL,^ABS(503334.1,
503335,VOLUNTARY TIME CARD,^ABS(503335,
503336,OCCASIONAL VOLUNTEER TIME SHEET,^ABS(503336,
503337,VOLUNTARY AWARD CODES,^ABS(503337,
503338,VOLUNTARY SERVICE SITE PARAMETER,^ABS(503338,
503338.1,VOLUNTARY LABEL CONFIGURATION,^ABS(503338.1,
503339,VOLUNTARY PHRASE,^ABS(503339,
503339.1,VOLUNTARY SERVER MESSAGE,^ABS(503339.1,
503339.2,VOLUNTARY SERVICE DIRECTORY,^ABS(503339.2,
503339.3,VOLUNTARY SERVICE PROGRAMS,^ABS(503339.3,
503339.5,VOLUNTARY MIGRATION LOG,^ABS(503339.5,
503339.9,VOLUNTARY SERVICE SUPPLEMENT,^ABS(503339.9,
503340,DONATIONS,^ABS(503340,
503340.1,DONATIONS LETTER RECIPIENT,^ABS(503340.1,
503341,DONATIONS LETTER FORMAT,^ABS(503341,
503342,GPF/DONATIONS,^ABS(503342,
503343,FIELD SERVICE RECEIPT,^ABS(503343,
503344,TEMPORARY RECEIPT,^ABS(503344,
503345,DONATION PURPOSE,^ABS(503345,
503346.1,INDIVIDUAL DONOR,^ABS(503346.1,
503347,POST/CHAPTER/UNIT,^ABS(503347,
509850,CDR ACCOUNT,^ACK(509850,
509850.1,A&SP DIAGNOSTIC CONDITION,^ACK(509850.1,
509850.2,A&SP PATIENT,^ACK(509850.2,
509850.3,A&SP STAFF,^ACK(509850.3,
509850.4,A&SP PROCEDURE CODE,^ACK(509850.4,
509850.5,A&SP PROCEDURE MODIFIER,^ACK(509850.5,
509850.6,A&SP CLINIC VISIT,^ACK(509850.6,
509850.7,A&SP WORKLOAD,^ACK(509850.7,
509850.8,A&SP SITE PARAMETERS,^ACK(509850.8,
509850.9,AUDIOMETRIC EXAM DATA,^ACK(509850.9,
537000,VAMC NETWORK HEALTH EXCHANGE,^AFJ(537000,
537010,VAMC NETWORK PATIENT,^AFJ(537010,
537015,VAMC NETWORK HEALTH TYPES,^AFJ(537015,
537025,VAMC NETWORK HEALTH AUTHORIZED SITES,^AFJ(537025,
612418,R1AC CROSSWALK,^DIZ(612418,
612418.1,R1AC BLUEBOX BOILER PLATES,^DIZ(612418.1,
612418.2,R1AC POSTCARD FTP,^DIZ(612418.2,
612418.3,R1AC POSTCARD TRACKING,^DIZ(612418.3,
612418.4,R1AC SLCT TEMPLATES,^DIZ(612418.4,
612418.5,R1AC POSTCARD PARAMETERS,^DIZ(612418.5,
612418.7,R1AC POSTCARD RETURN ADDRESS,^DIZ(612418.7,
791810,STATION ORDER,^RMPF(791810,
791810.1,ORDER TYPE,^RMPF(791810.1
791810.2,ORDER STATUS,^RMPF(791810.2
791810.3,DISABILITY,^RMPF(791810.3
791810.4,ROES ELIGIBILITY,^RMPF(791810.4
791810.5,ROES MENU,^RMPF(791810.5
791810.6,ORDER DELAY REASONS,^RMPF(791810.6
791811,REMOTE INVENTORY PRODUCT,^RMPF(791811,
791811.1,REMOTE PRODUCT GROUP,^RMPF(791811.1
791811.2,HEARING AID COMPONENTS,^RMPF(791811.2
791811.3,BATTERY,^RMPF(791811.3
791811.4,REMOTE PROSTHETIC ITEM BRANDS,^RMPF(791811.4
791812,TRANSMISSION BATCH,^RMPF(791812,
791813,REMOTE ORDER/ENTRY PARAMETER,^RMPF(791813,
791814,ROES ELIGIBILITY CONFIRMATION,^RMPF(791814,
9000001,PATIENT/IHS,^AUPNPAT(
9000010,VISIT,^AUPNVSIT(
9000010.06,V PROVIDER,^AUPNVPRV(
9000010.07,V POV,^AUPNVPOV(
9000010.11,V IMMUNIZATION,^AUPNVIMM(
9000010.12,V SKIN TEST,^AUPNVSK(
9000010.13,V EXAM,^AUPNVXAM(
9000010.15,V TREATMENT,^AUPNVTRT(
9000010.16,V PATIENT ED,^AUPNVPED(
9000010.18,V CPT,^AUPNVCPT(
9000010.23,V HEALTH FACTORS,^AUPNVHF(
9000011,PROBLEM,^AUPNPROB(
9002313.02,BPS CLAIMS,^BPSC(
9002313.03,BPS RESPONSES,^BPSR(
9002313.12,BPS LOG,^BPS(9002313.1
9002313.15,BPS ASLEEP PAYERS,^BPS(9002313.1
9002313.19,BPS NCPDP PATIENT RELATIONSHIP CODE,^BPS(9002313.1
9002313.21,BPS NCPDP PROFESSIONAL SERVICE CODE,^BPS(9002313.2
9002313.22,BPS NCPDP RESULT OF SERVICE CODE,^BPS(9002313.2
9002313.23,BPS NCPDP REASON FOR SERVICE CODE,^BPS(9002313.2
9002313.24,BPS NCPDP DAW CODE,^BPS(9002313.2
9002313.25,BPS NCPDP CLARIFICATION CODES,^BPS(9002313.2
9002313.26,BPS NCPDP PRIOR AUTHORIZATION TYPE CODE,^BPS(9002313.2
9002313.27,BPS NCPDP PATIENT RESIDENCE CODE,^BPS(9002313.2
9002313.28,BPS NCPDP PHARMACY SERVICE TYPE,^BPS(9002313.2
9002313.29,BPS NCPDP DELAY REASON CODE,^BPS(9002313.2
9002313.31,BPS CERTIFICATION,^BPS(9002313.3
9002313.32,BPS PAYER RESPONSE OVERRIDES,^BPS(9002313.3
9002313.511,BPS NCPDP OVERRIDE,^BPS(9002313.5
9002313.56,BPS PHARMACIES,^BPS(9002313.5
9002313.57,BPS LOG OF TRANSACTIONS,^BPSTL(
9002313.58,BPS STATISTICS,"^BPSECX("S","
9002313.59,BPS TRANSACTION,^BPST(
9002313.77,BPS REQUESTS,^BPS(9002313.7
9002313.78,BPS INSURER DATA,^BPS(9002313.7
9002313.83,BPS RESULT CATEGORY,^BPSF(9002313.
9002313.89,BPS ERROR CODES,^BPSF(9002313.
9002313.91,BPS NCPDP FIELD DEFS,^BPSF(9002313.
9002313.92,BPS NCPDP FORMATS,^BPSF(9002313.
9002313.93,BPS NCPDP REJECT CODES,^BPSF(9002313.
9002313.94,BPS NCPDP FIELD CODES,^BPS(9002313.9
9002313.99,BPS SETUP,^BPS(9002313.9
9009032.3,APSP INTERVENTION TYPE,^APSPQA(32.3,
9009032.4,APSP INTERVENTION,^APSPQA(32.4,
9009032.5,APSP INTERVENTION RECOMMENDATION,^APSPQA(32.5,
9999999.06,LOCATION,^AUTTLOC(
9999999.09,EDUCATION TOPICS,^AUTTEDT(
9999999.14,IMMUNIZATION,^AUTTIMM(
9999999.15,EXAM,^AUTTEXAM(
9999999.17,TREATMENT,^AUTTTRT(
9999999.27,PROVIDER NARRATIVE,^AUTNPOV(
9999999.28,SKIN TEST,^AUTTSK(
9999999.64,HEALTH FACTORS,^AUTTHF(
